ticker,cik,10-K #1 Filing Date,10-K #1 Period,10-K #2 Filing Date,10-K #2 Period,10-Q #1 Filing Date,10-Q #1 Period,10-Q #2 Filing Date,10-Q #2 Period,10-Q #3 Filing Date,10-Q #3 Period,10-Q #4 Filing Date,10-Q #4 Period,10-Q #5 Filing Date,10-Q #5 Period,10-Q #6 Filing Date,10-Q #6 Period
mmm,0000066740,2020-02-06,2019-12-31,2019-02-07,2018-12-31,2020-04-28,2020-03-31,2019-10-25,2019-09-30,2019-07-26,2019-06-30,2019-04-26,2019-03-31,2018-10-25,2018-09-30,2018-07-26,2018-06-30
abt,0000001800,2020-02-21,2019-12-31,2019-02-22,2018-12-31,2020-04-29,2020-03-31,2019-10-31,2019-09-30,2019-07-31,2019-06-30,2019-05-01,2019-03-31,2018-10-31,2018-09-30,2018-08-01,2018-06-30
abbv,0001551152,2020-02-21,2019-12-31,2019-02-27,2018-12-31,2020-05-08,2020-03-31,2019-11-06,2019-09-30,2019-08-05,2019-06-30,2019-05-03,2019-03-31,2018-11-07,2018-09-30,2018-08-07,2018-06-30
abmd,0000815094,2020-05-21,2020-03-31,2019-05-23,2019-03-31,2020-02-06,2019-12-31,2019-10-31,2019-09-30,2019-08-01,2019-06-30,2019-02-05,2018-12-31,2018-11-06,2018-09-30,2018-08-02,2018-06-30
acn,0001467373,2019-10-29,2019-08-31,2018-10-24,2018-08-31,2020-03-19,2020-02-29,2019-12-19,2019-11-30,2019-06-27,2019-05-31,2019-03-28,2019-02-28,2018-12-20,2018-11-30,2018-06-28,2018-05-31
atvi,0000718877,2020-02-27,2019-12-31,2019-02-28,2018-12-31,2020-05-05,2020-03-31,2019-11-07,2019-09-30,2019-08-08,2019-06-30,2019-05-02,2019-03-31,2018-11-08,2018-09-30,2018-08-02,2018-06-30
adbe,0000796343,2020-01-21,2019-11-29,2019-01-25,2018-11-30,2020-03-25,2020-02-28,2019-09-26,2019-08-30,2019-06-26,2019-05-31,2019-03-27,2019-03-01,2018-09-26,2018-08-31,2018-06-27,2018-06-01
amd,0000002488,2020-02-04,2019-12-28,2019-02-08,2018-12-29,2020-04-29,2020-03-28,2019-10-30,2019-09-28,2019-07-31,2019-06-29,2019-05-01,2019-03-30,2018-10-31,2018-09-29,2018-08-02,2018-06-30
aap,0001158449,2020-02-18,2019-12-28,2019-02-19,2018-12-29,2020-05-19,2020-04-18,2019-11-12,2019-10-05,2019-08-13,2019-07-13,2019-05-22,2019-04-20,2018-11-13,2018-10-06,2018-08-14,2018-07-14
aes,0000874761,2020-02-28,2019-12-31,2019-02-27,2018-12-31,2020-05-07,2020-03-31,2019-11-06,2019-09-30,2019-08-06,2019-06-30,2019-05-07,2019-03-31,2018-11-06,2018-09-30,2018-08-07,2018-06-30
afl,0000004977,2020-02-21,2019-12-31,2019-02-25,2018-12-31,2020-04-30,2020-03-31,2019-10-25,2019-09-30,2019-07-26,2019-06-30,2019-04-26,2019-03-31,2018-11-01,2018-09-30,2018-08-03,2018-06-30
a,0001090872,2019-12-19,2019-10-31,2018-12-20,2018-10-31,2020-06-01,2020-04-30,2020-03-03,2020-01-31,2019-08-30,2019-07-31,2019-05-30,2019-04-30,2019-03-05,2019-01-31,2018-08-30,2018-07-31
apd,0000002969,2019-11-26,2019-09-30,2018-11-20,2018-09-30,2020-04-23,2020-03-31,2020-01-24,2019-12-31,2019-07-25,2019-06-30,2019-04-24,2019-03-31,2019-01-25,2018-12-31,2018-07-26,2018-06-30
akam,0001086222,2020-02-28,2019-12-31,2019-02-28,2018-12-31,2020-05-08,2020-03-31,2019-11-08,2019-09-30,2019-08-08,2019-06-30,2019-05-09,2019-03-31,2018-11-08,2018-09-30,2018-08-08,2018-06-30
alk,0000766421,2020-02-12,2019-12-31,2019-02-15,2018-12-31,2020-05-14,2020-03-31,2019-11-07,2019-09-30,2019-08-06,2019-06-30,2019-05-09,2019-03-31,2018-11-02,2018-09-30,2018-08-08,2018-06-30
alb,0000915913,2020-02-26,2019-12-31,2019-02-27,2018-12-31,2020-05-11,2020-03-31,2019-11-06,2019-09-30,2019-08-07,2019-06-30,2019-05-08,2019-03-31,2018-11-07,2018-09-30,2018-08-07,2018-06-30
are,0001035443,2020-02-04,2019-12-31,2019-02-05,2018-12-31,2020-04-27,2020-03-31,2019-10-29,2019-09-30,2019-07-30,2019-06-30,2019-04-30,2019-03-31,2018-10-30,2018-09-30,2018-07-31,2018-06-30
alxn,0000899866,2020-02-04,2019-12-31,2019-02-06,2018-12-31,2020-05-06,2020-03-31,2019-10-23,2019-09-30,2019-07-24,2019-06-30,2019-04-25,2019-03-31,2018-10-24,2018-09-30,2018-07-26,2018-06-30
algn,0001097149,2020-02-28,2019-12-31,2019-02-28,2018-12-31,2020-05-05,2020-03-31,2019-10-31,2019-09-30,2019-08-01,2019-06-30,2019-05-02,2019-03-31,2018-11-01,2018-09-30,2018-08-02,2018-06-30
alle,0001579241,2020-02-18,2019-12-31,2019-02-19,2018-12-31,2020-04-23,2020-03-31,2019-10-24,2019-09-30,2019-07-25,2019-06-30,2019-04-25,2019-03-31,2018-10-25,2018-09-30,2018-07-26,2018-06-30
ads,0001101215,2020-02-28,2019-12-31,2019-02-26,2018-12-31,2020-05-06,2020-03-31,2019-11-06,2019-09-30,2019-08-06,2019-06-30,2019-05-06,2019-03-31,2018-11-06,2018-09-30,2018-08-07,2018-06-30
lnt,0000352541,2020-02-21,2019-12-31,2019-02-22,2018-12-31,2020-05-08,2020-03-31,2019-11-07,2019-09-30,2019-08-02,2019-06-30,2019-05-03,2019-03-31,2018-11-07,2018-09-30,2018-08-03,2018-06-30
all,0000899051,2020-02-21,2019-12-31,2019-02-15,2018-12-31,2020-05-05,2020-03-31,2019-10-29,2019-09-30,2019-07-30,2019-06-30,2019-05-01,2019-03-31,2018-10-31,2018-09-30,2018-08-01,2018-06-30
goog,0001652044,2020-02-04,2019-12-31,2019-02-05,2018-12-31,2020-04-29,2020-03-31,2019-10-29,2019-09-30,2019-07-26,2019-06-30,2019-04-30,2019-03-31,2018-10-26,2018-09-30,2018-07-24,2018-06-30
mo,0000764180,2020-02-25,2019-12-31,2019-02-26,2018-12-31,2020-04-30,2020-03-31,2019-10-31,2019-09-30,2019-07-30,2019-06-30,2019-04-25,2019-03-31,2018-10-25,2018-09-30,2018-07-26,2018-06-30
amzn,0001018724,2020-01-31,2019-12-31,2019-02-01,2018-12-31,2020-05-01,2020-03-31,2019-10-25,2019-09-30,2019-07-26,2019-06-30,2019-04-26,2019-03-31,2018-10-26,2018-09-30,2018-07-27,2018-06-30
amcr,0001748790,2019-09-03,2019-06-30,,,2020-05-11,2020-03-31,2020-02-11,2019-12-31,2019-11-07,2019-09-30,2019-05-09,2019-03-31,,,,
aee,0001002910,2020-02-28,2019-12-31,2019-02-26,2018-12-31,2020-05-11,2020-03-31,2019-11-08,2019-09-30,2019-08-02,2019-06-30,2019-05-10,2019-03-31,2018-11-02,2018-09-30,2018-08-08,2018-06-30
aal,0000006201,2020-02-19,2019-12-31,2019-02-25,2018-12-31,2020-04-30,2020-03-31,2019-10-24,2019-09-30,2019-07-25,2019-06-30,2019-04-26,2019-03-31,2018-10-25,2018-09-30,2018-07-26,2018-06-30
aep,0000004904,2020-02-20,2019-12-31,2019-02-21,2018-12-31,2020-05-06,2020-03-31,2019-10-24,2019-09-30,2019-07-25,2019-06-30,2019-04-26,2019-03-31,2018-10-25,2018-09-30,2018-07-26,2018-06-30
axp,0000004962,2020-02-13,2019-12-31,2019-02-13,2018-12-31,2020-04-24,2020-03-31,2019-10-21,2019-09-30,2019-07-23,2019-06-30,2019-04-23,2019-03-31,2018-10-23,2018-09-30,2018-07-24,2018-06-30
aig,0000005272,2020-02-21,2019-12-31,2019-02-15,2018-12-31,2020-05-05,2020-03-31,2019-11-01,2019-09-30,2019-08-08,2019-06-30,2019-05-07,2019-03-31,2018-11-02,2018-09-30,2018-08-03,2018-06-30
amt,0001053507,2020-02-25,2019-12-31,2019-02-27,2018-12-31,2020-04-29,2020-03-31,2019-10-31,2019-09-30,2019-07-31,2019-06-30,2019-05-03,2019-03-31,2018-10-30,2018-09-30,2018-07-31,2018-06-30
awk,0001410636,2020-02-18,2019-12-31,2019-02-19,2018-12-31,2020-05-06,2020-03-31,2019-10-30,2019-09-30,2019-07-31,2019-06-30,2019-05-01,2019-03-31,2018-10-31,2018-09-30,2018-08-01,2018-06-30
amp,0000820027,2020-02-26,2019-12-31,2019-02-27,2018-12-31,2020-05-11,2020-03-31,2019-11-12,2019-09-30,2019-08-05,2019-06-30,2019-05-01,2019-03-31,2018-11-05,2018-09-30,2018-08-06,2018-06-30
abc,0001140859,2019-11-19,2019-09-30,2018-11-20,2018-09-30,2020-05-07,2020-03-31,2020-01-30,2019-12-31,2019-08-01,2019-06-30,2019-05-02,2019-03-31,2019-01-31,2018-12-31,2018-08-02,2018-06-30
ame,0001037868,2020-02-20,2019-12-31,2019-02-21,2018-12-31,2020-05-05,2020-03-31,2019-11-01,2019-09-30,2019-08-02,2019-06-30,2019-05-02,2019-03-31,2018-11-02,2018-09-30,2018-08-02,2018-06-30
amgn,0000318154,2020-02-12,2019-12-31,2019-02-13,2018-12-31,2020-05-01,2020-03-31,2019-10-30,2019-09-30,2019-07-31,2019-06-30,2019-05-01,2019-03-31,2018-10-31,2018-09-30,2018-07-27,2018-06-30
aph,0000820313,2020-02-12,2019-12-31,2019-02-13,2018-12-31,2020-04-24,2020-03-31,2019-10-25,2019-09-30,2019-07-26,2019-06-30,2019-04-26,2019-03-31,2018-10-26,2018-09-30,2018-07-31,2018-06-30
adi,0000006281,2019-11-26,2019-11-02,2018-11-27,2018-11-03,2020-05-20,2020-05-02,2020-02-19,2020-02-01,2019-08-21,2019-08-03,2019-05-22,2019-05-04,2019-02-20,2019-02-02,2018-08-22,2018-08-04
anss,0001013462,2020-02-27,2019-12-31,2019-02-28,2018-12-31,2020-05-06,2020-03-31,2019-11-07,2019-09-30,2019-08-06,2019-06-30,2019-05-02,2019-03-31,2018-11-08,2018-09-30,2018-08-07,2018-06-30
antm,0001156039,2020-02-19,2019-12-31,2019-02-20,2018-12-31,2020-04-29,2020-03-31,2019-10-23,2019-09-30,2019-07-24,2019-06-30,2019-04-24,2019-03-31,2018-10-31,2018-09-30,2018-07-25,2018-06-30
aon,0000315293,2020-02-14,2019-12-31,2019-02-19,2018-12-31,2020-05-01,2020-03-31,2019-10-25,2019-09-30,2019-07-26,2019-06-30,2019-04-26,2019-03-31,2018-10-26,2018-09-30,2018-07-27,2018-06-30
aos,0000091142,2020-02-24,2019-12-31,2019-02-15,2018-12-31,2020-05-05,2020-03-31,2019-11-06,2019-09-30,2019-08-08,2019-06-30,2019-05-09,2019-03-31,2018-11-08,2018-09-30,2018-08-06,2018-06-30
apa,0000006769,2020-02-28,2019-12-31,2019-03-01,2018-12-31,2020-05-07,2020-03-31,2019-10-31,2019-09-30,2019-08-01,2019-06-30,2019-05-03,2019-03-31,2018-11-01,2018-09-30,2018-08-02,2018-06-30
aiv,0000922864,2020-02-24,2019-12-31,2019-02-20,2018-12-31,2020-05-11,2020-03-31,2019-11-04,2019-09-30,2019-08-09,2019-06-30,2019-05-06,2019-03-31,2018-11-05,2018-09-30,2018-08-07,2018-06-30
aapl,0000320193,2019-10-31,2019-09-28,2018-11-05,2018-09-29,2020-05-01,2020-03-28,2020-01-29,2019-12-28,2019-07-31,2019-06-29,2019-05-01,2019-03-30,2019-01-30,2018-12-29,2018-08-01,2018-06-30
amat,0000006951,2019-12-13,2019-10-27,2018-12-13,2018-10-28,2020-05-21,2020-04-26,2020-02-20,2020-01-26,2019-08-22,2019-07-28,2019-05-23,2019-04-28,2019-02-21,2019-01-27,2018-08-23,2018-07-29
aptv,0001521332,2020-02-03,2019-12-31,2019-02-04,2018-12-31,2020-05-05,2020-03-31,2019-10-30,2019-09-30,2019-07-31,2019-06-30,2019-05-02,2019-03-31,2018-10-31,2018-09-30,2018-07-31,2018-06-30
adm,0000007084,2020-02-18,2019-12-31,2019-02-19,2018-12-31,2020-05-01,2020-03-31,2019-10-31,2019-09-30,2019-08-01,2019-06-30,2019-04-26,2019-03-31,2018-11-06,2018-09-30,2018-07-31,2018-06-30
anet,0001596532,2020-02-14,2019-12-31,2019-02-15,2018-12-31,2020-05-06,2020-03-31,2019-11-01,2019-09-30,2019-08-02,2019-06-30,2019-05-06,2019-03-31,2018-11-05,2018-09-30,2018-08-08,2018-06-30
ajg,0000354190,2020-02-07,2019-12-31,2019-02-08,2018-12-31,2020-05-05,2020-03-31,2019-10-25,2019-09-30,2019-07-26,2019-06-30,2019-04-29,2019-03-31,2018-10-26,2018-09-30,2018-07-27,2018-06-30
aiz,0001267238,2020-02-19,2019-12-31,2019-02-22,2018-12-31,2020-05-08,2020-03-31,2019-11-07,2019-09-30,2019-08-08,2019-06-30,2019-05-08,2019-03-31,2018-11-08,2018-09-30,2018-08-09,2018-06-30
t,0000732717,2020-02-20,2019-12-31,2019-02-20,2018-12-31,2020-05-06,2020-03-31,2019-11-05,2019-09-30,2019-08-05,2019-06-30,2019-05-06,2019-03-31,2018-11-02,2018-09-30,2018-08-02,2018-06-30
ato,0000731802,2019-11-12,2019-09-30,2018-11-13,2018-09-30,2020-05-06,2020-03-31,2020-02-04,2019-12-31,2019-08-07,2019-06-30,2019-05-07,2019-03-31,2019-02-05,2018-12-31,2018-08-08,2018-06-30
adsk,0000769397,2020-03-19,2020-01-31,2019-03-25,2019-01-31,2020-06-02,2020-04-30,2019-12-05,2019-10-31,2019-09-04,2019-07-31,2019-06-04,2019-04-30,2018-12-06,2018-10-31,2018-08-30,2018-07-31
adp,0000008670,2019-08-09,2019-06-30,2018-08-03,2018-06-30,2020-05-01,2020-03-31,2020-01-31,2019-12-31,2019-11-04,2019-09-30,2019-05-03,2019-03-31,2019-01-31,2018-12-31,2018-11-01,2018-09-30
azo,0000866787,2019-10-28,2019-08-31,2018-10-24,2018-08-25,2020-03-17,2020-02-15,2019-12-20,2019-11-23,2019-06-07,2019-05-04,2019-03-15,2019-02-09,2018-12-18,2018-11-17,2018-06-08,2018-05-05
avb,0000915912,2020-02-21,2019-12-31,2019-02-22,2018-12-31,2020-05-08,2020-03-31,2019-11-05,2019-09-30,2019-08-06,2019-06-30,2019-05-03,2019-03-31,2018-11-02,2018-09-30,2018-08-03,2018-06-30
avy,0000008818,2020-02-26,2019-12-28,2019-02-27,2018-12-29,2020-05-01,2020-03-28,2019-10-29,2019-09-28,2019-07-30,2019-06-29,2019-04-30,2019-03-30,2018-10-30,2018-09-29,2018-07-31,2018-06-30
bkr,0001701605,2020-02-13,2019-12-31,2019-02-19,2018-12-31,2020-04-24,2020-03-31,2019-10-30,2019-09-30,2019-08-01,2019-06-30,2019-04-30,2019-03-31,2018-10-30,2018-09-30,2018-07-30,2018-06-30
bll,0000009389,2020-02-19,2019-12-31,2019-02-22,2018-12-31,2020-05-08,2020-03-31,2019-11-01,2019-09-30,2019-08-02,2019-06-30,2019-05-03,2019-03-31,2018-11-02,2018-09-30,2018-08-03,2018-06-30
bac,0000070858,2020-02-19,2019-12-31,2019-02-26,2018-12-31,2020-05-01,2020-03-31,2019-10-28,2019-09-30,2019-07-29,2019-06-30,2019-04-26,2019-03-31,2018-10-29,2018-09-30,2018-07-30,2018-06-30
bk,0001390777,2020-02-27,2019-12-31,2019-02-27,2018-12-31,2020-05-07,2020-03-31,2019-11-07,2019-09-30,2019-08-07,2019-06-30,2019-05-08,2019-03-31,2018-11-06,2018-09-30,2018-08-03,2018-06-30
bax,0000010456,2020-03-17,2019-12-31,2019-02-21,2018-12-31,2020-04-30,2020-03-31,2020-03-17,2019-09-30,2019-07-30,2019-06-30,2019-05-08,2019-03-31,2018-11-05,2018-09-30,2018-08-06,2018-06-30
bdx,0000010795,2019-11-27,2019-09-30,2018-11-21,2018-09-30,2020-05-07,2020-03-31,2020-02-06,2019-12-31,2019-08-06,2019-06-30,2019-05-09,2019-03-31,2019-02-05,2018-12-31,2018-08-02,2018-06-30
bby,0000764478,2020-03-23,2020-02-01,2019-03-28,2019-02-02,2020-05-27,2020-05-02,2019-12-06,2019-11-02,2019-09-06,2019-08-03,2019-06-07,2019-05-04,2018-12-07,2018-11-03,2018-09-10,2018-08-04
biib,0000875045,2020-02-06,2019-12-31,2019-02-06,2018-12-31,2020-04-23,2020-03-31,2019-10-22,2019-09-30,2019-07-24,2019-06-30,2019-04-24,2019-03-31,2018-10-23,2018-09-30,2018-07-24,2018-06-30
blk,0001364742,2020-02-28,2019-12-31,2019-02-28,2018-12-31,2020-05-08,2020-03-31,2019-11-08,2019-09-30,2019-08-08,2019-06-30,2019-05-09,2019-03-31,2018-11-09,2018-09-30,2018-08-08,2018-06-30
ba,0000012927,2020-01-31,2019-12-31,2019-02-08,2018-12-31,2020-04-29,2020-03-31,2019-10-23,2019-09-30,2019-07-24,2019-06-30,2019-04-24,2019-03-31,2018-10-24,2018-09-30,2018-07-25,2018-06-30
bkng,0001075531,2020-02-26,2019-12-31,2019-02-27,2018-12-31,2020-05-07,2020-03-31,2019-11-07,2019-09-30,2019-08-07,2019-06-30,2019-05-09,2019-03-31,2018-11-05,2018-09-30,2018-08-09,2018-06-30
bwa,0000908255,2020-02-13,2019-12-31,2019-02-19,2018-12-31,2020-05-06,2020-03-31,2019-10-31,2019-09-30,2019-07-25,2019-06-30,2019-04-25,2019-03-31,2018-10-25,2018-09-30,2018-07-26,2018-06-30
bxp,0001037540,2020-03-02,2019-12-31,2019-02-28,2018-12-31,2020-05-11,2020-03-31,2019-11-08,2019-09-30,2019-08-07,2019-06-30,2019-05-08,2019-03-31,2018-11-07,2018-09-30,2018-08-07,2018-06-30
bsx,0000885725,2020-02-25,2019-12-31,2019-02-19,2018-12-31,2020-05-06,2020-03-31,2019-11-05,2019-09-30,2019-07-30,2019-06-30,2019-04-29,2019-03-31,2018-10-29,2018-09-30,2018-07-31,2018-06-30
bmy,0000014272,2020-02-24,2019-12-31,2019-02-25,2018-12-31,2020-05-07,2020-03-31,2019-10-31,2019-09-30,2019-07-25,2019-06-30,2019-04-25,2019-03-31,2018-10-25,2018-09-30,2018-07-26,2018-06-30
avgo,0001730168,2019-12-20,2019-11-03,2018-12-21,2018-11-04,2020-03-13,2020-02-02,2019-09-13,2019-08-04,2019-06-14,2019-05-05,2019-03-15,2019-02-03,2018-09-13,2018-08-05,2018-06-14,2018-05-06
br,0001383312,2019-08-06,2019-06-30,2018-08-07,2018-06-30,2020-05-08,2020-03-31,2020-01-31,2019-12-31,2019-11-06,2019-09-30,2019-05-07,2019-03-31,2019-02-07,2018-12-31,2018-11-06,2018-09-30
chrw,0001043277,2020-02-19,2019-12-31,2019-02-25,2018-12-31,2020-05-01,2020-03-31,2019-11-04,2019-09-30,2019-08-08,2019-06-30,2019-05-08,2019-03-31,2018-11-07,2018-09-30,2018-08-08,2018-06-30
cog,0000858470,2020-02-25,2019-12-31,2019-02-26,2018-12-31,2020-05-01,2020-03-31,2019-10-25,2019-09-30,2019-07-26,2019-06-30,2019-04-26,2019-03-31,2018-10-26,2018-09-30,2018-07-27,2018-06-30
cdns,0000813672,2020-02-24,2019-12-28,2019-02-27,2018-12-29,2020-04-20,2020-03-28,2019-10-21,2019-09-28,2019-07-22,2019-06-29,2019-04-22,2019-03-30,2018-10-22,2018-09-29,2018-07-23,2018-06-30
cpb,0000016732,2019-09-26,2019-07-28,2018-09-27,2018-07-29,2020-06-03,2020-04-26,2020-03-04,2020-01-26,2019-12-04,2019-10-27,2019-06-05,2019-04-28,2019-03-06,2019-01-27,2018-12-06,2018-10-28
cof,0000927628,2020-02-20,2019-12-31,2019-02-20,2018-12-31,2020-05-01,2020-03-31,2019-10-31,2019-09-30,2019-07-31,2019-06-30,2019-05-01,2019-03-31,2018-11-01,2018-09-30,2018-07-27,2018-06-30
cah,0000721371,2019-08-20,2019-06-30,2018-08-22,2018-06-30,2020-05-11,2020-03-31,2020-02-06,2019-12-31,2019-11-07,2019-09-30,2019-05-09,2019-03-31,2019-02-07,2018-12-31,2018-11-08,2018-09-30
kmx,0001170010,2020-04-21,2020-02-29,2019-04-19,2019-02-28,2020-01-07,2019-11-30,2019-10-04,2019-08-31,2019-07-03,2019-05-31,2019-01-08,2018-11-30,2018-10-05,2018-08-31,2018-07-05,2018-05-31
ccl,0000815097,2020-01-28,2019-11-30,2019-01-28,2018-11-30,2020-04-03,2020-02-29,2019-09-26,2019-08-31,2019-06-24,2019-05-31,2019-04-09,2019-02-28,2018-09-27,2018-08-31,2018-06-25,2018-05-31
carr,0001783180,,,,,2020-05-11,2020-03-31,,,,,,,,,,
cat,0000018230,2020-02-19,2019-12-31,2019-02-14,2018-12-31,2020-05-06,2020-03-31,2019-10-31,2019-09-30,2019-08-01,2019-06-30,2019-05-06,2019-03-31,2018-10-31,2018-09-30,2018-08-07,2018-06-30
cboe,0001374310,2020-02-21,2019-12-31,2019-02-22,2018-12-31,2020-05-01,2020-03-31,2019-11-01,2019-09-30,2019-08-02,2019-06-30,2019-05-03,2019-03-31,2018-11-02,2018-09-30,2018-08-03,2018-06-30
cbre,0001138118,2020-03-02,2019-12-31,2019-03-01,2018-12-31,2020-05-07,2020-03-31,2019-11-06,2019-09-30,2019-08-09,2019-06-30,2019-05-10,2019-03-31,2018-11-09,2018-09-30,2018-08-09,2018-06-30
cdw,0001402057,2020-02-28,2019-12-31,2019-02-27,2018-12-31,2020-05-06,2020-03-31,2019-10-31,2019-09-30,2019-07-31,2019-06-30,2019-05-01,2019-03-31,2018-10-31,2018-09-30,2018-08-03,2018-06-30
ce,0001306830,2020-02-06,2019-12-31,2019-02-07,2018-12-31,2020-04-28,2020-03-31,2019-10-22,2019-09-30,2019-07-23,2019-06-30,2019-04-23,2019-03-31,2018-10-19,2018-09-30,2018-07-20,2018-06-30
cnc,0001071739,2020-02-18,2019-12-31,2019-02-19,2018-12-31,2020-04-28,2020-03-31,2019-10-22,2019-09-30,2019-07-23,2019-06-30,2019-04-23,2019-03-31,2018-10-23,2018-09-30,2018-07-24,2018-06-30
cnp,0001130310,2020-02-27,2019-12-31,2019-02-28,2018-12-31,2020-05-07,2020-03-31,2019-11-07,2019-09-30,2019-08-07,2019-06-30,2019-05-09,2019-03-31,2018-11-08,2018-09-30,2018-08-03,2018-06-30
ctl,0000018926,2020-02-28,2019-12-31,2019-03-11,2018-12-31,2020-05-07,2020-03-31,2019-11-07,2019-09-30,2019-08-08,2019-06-30,2019-05-10,2019-03-31,2018-11-09,2018-09-30,2018-08-09,2018-06-30
cern,0000804753,2020-02-10,2019-12-28,2019-02-08,2018-12-29,2020-04-29,2020-03-31,2019-10-25,2019-09-28,2019-07-25,2019-06-29,2019-04-26,2019-03-30,2018-10-26,2018-09-29,2018-08-03,2018-06-30
cf,0001324404,2020-02-24,2019-12-31,2019-02-22,2018-12-31,2020-05-07,2020-03-31,2019-10-31,2019-09-30,2019-08-01,2019-06-30,2019-05-02,2019-03-31,2018-11-01,2018-09-30,2018-08-02,2018-06-30
schw,0000316709,2020-02-26,2019-12-31,2019-02-22,2018-12-31,2020-05-08,2020-03-31,2019-11-07,2019-09-30,2019-08-07,2019-06-30,2019-05-08,2019-03-31,2018-11-07,2018-09-30,2018-08-08,2018-06-30
chtr,0001091667,2020-01-31,2019-12-31,2019-01-31,2018-12-31,2020-05-01,2020-03-31,2019-10-25,2019-09-30,2019-07-26,2019-06-30,2019-04-30,2019-03-31,2018-10-26,2018-09-30,2018-07-31,2018-06-30
cvx,0000093410,2020-02-21,2019-12-31,2019-02-22,2018-12-31,2020-05-06,2020-03-31,2019-11-07,2019-09-30,2019-08-07,2019-06-30,2019-05-02,2019-03-31,2018-11-08,2018-09-30,2018-08-02,2018-06-30
cmg,0001058090,2020-02-05,2019-12-31,2019-02-08,2018-12-31,2020-04-29,2020-03-31,2019-10-23,2019-09-30,2019-07-24,2019-06-30,2019-04-25,2019-03-31,2018-10-26,2018-09-30,2018-07-27,2018-06-30
cb,0000896159,2020-02-27,2019-12-31,2019-02-28,2018-12-31,2020-04-29,2020-03-31,2019-10-31,2019-09-30,2019-07-31,2019-06-30,2019-05-02,2019-03-31,2018-10-30,2018-09-30,2018-08-01,2018-06-30
chd,0000313927,2020-02-18,2019-12-31,2019-02-21,2018-12-31,2020-04-30,2020-03-31,2019-10-31,2019-09-30,2019-07-31,2019-06-30,2019-05-02,2019-03-31,2018-11-01,2018-09-30,2018-08-02,2018-06-30
ci,0001739940,2020-02-27,2019-12-31,2019-02-28,2018-12-31,2020-05-07,2020-03-31,2019-10-31,2019-09-30,2019-08-01,2019-06-30,2019-05-02,2019-03-31,,,,
cinf,0000020286,2020-02-25,2019-12-31,2019-02-22,2018-12-31,2020-04-27,2020-03-31,2019-10-24,2019-09-30,2019-07-30,2019-06-30,2019-04-24,2019-03-31,2018-10-25,2018-09-30,2018-07-26,2018-06-30
ctas,0000723254,2019-07-26,2019-05-31,2018-07-27,2018-05-31,2020-03-31,2020-02-29,2020-01-09,2019-11-30,2019-10-08,2019-08-31,2019-04-05,2019-02-28,2019-01-08,2018-11-30,2018-10-05,2018-08-31
csco,0000858877,2019-09-05,2019-07-27,2018-09-06,2018-07-28,2020-05-18,2020-04-25,2020-02-18,2020-01-25,2019-11-19,2019-10-26,2019-05-21,2019-04-27,2019-02-19,2019-01-26,2018-11-20,2018-10-27
c,0000831001,2020-02-21,2019-12-31,2019-02-22,2018-12-31,2020-05-04,2020-03-31,2019-11-01,2019-09-30,2019-08-01,2019-06-30,2019-04-30,2019-03-31,2018-10-30,2018-09-30,2018-07-31,2018-06-30
cfg,0000759944,2020-02-24,2019-12-31,2019-02-21,2018-12-31,2020-05-07,2020-03-31,2019-11-06,2019-09-30,2019-08-06,2019-06-30,2019-05-08,2019-03-31,2018-11-07,2018-09-30,2018-08-06,2018-06-30
ctxs,0000877890,2020-02-14,2019-12-31,2019-02-15,2018-12-31,2020-05-05,2020-03-31,2019-11-01,2019-09-30,2019-08-06,2019-06-30,2019-05-10,2019-03-31,2018-11-05,2018-09-30,2018-08-03,2018-06-30
clx,0000021076,2019-08-14,2019-06-30,2018-08-14,2018-06-30,2020-05-01,2020-03-31,2020-02-04,2019-12-31,2019-10-31,2019-09-30,2019-05-01,2019-03-31,2019-02-04,2018-12-31,2018-10-31,2018-09-30
cme,0001156375,2020-02-28,2019-12-31,2019-02-28,2018-12-31,2020-05-06,2020-03-31,2019-11-06,2019-09-30,2019-08-07,2019-06-30,2019-05-08,2019-03-31,2018-11-02,2018-09-30,2018-08-01,2018-06-30
cms,0000811156,2020-02-06,2019-12-31,2019-02-05,2018-12-31,2020-04-27,2020-03-31,2019-10-24,2019-09-30,2019-07-25,2019-06-30,2019-04-25,2019-03-31,2018-10-25,2018-09-30,2018-07-26,2018-06-30
ko,0000021344,2020-02-24,2019-12-31,2019-02-21,2018-12-31,2020-04-24,2020-03-27,2019-10-24,2019-09-27,2019-07-25,2019-06-28,2019-04-25,2019-03-29,2018-10-30,2018-09-28,2018-07-26,2018-06-29
ctsh,0001058290,2020-02-14,2019-12-31,2019-02-19,2018-12-31,2020-05-08,2020-03-31,2019-10-31,2019-09-30,2019-08-01,2019-06-30,2019-05-03,2019-03-31,2018-10-30,2018-09-30,2018-08-02,2018-06-30
cl,0000021665,2020-02-21,2019-12-31,2019-02-21,2018-12-31,2020-05-01,2020-03-31,2019-11-01,2019-09-30,2019-07-26,2019-06-30,2019-04-26,2019-03-31,2018-10-26,2018-09-30,2018-07-27,2018-06-30
cmcsa,0001166691,2020-01-30,2019-12-31,2019-01-31,2018-12-31,2020-04-30,2020-03-31,2019-10-24,2019-09-30,2019-07-25,2019-06-30,2019-04-25,2019-03-31,2018-10-25,2018-09-30,2018-07-26,2018-06-30
cma,0000028412,2020-02-11,2019-12-31,2019-02-12,2018-12-31,2020-04-29,2020-03-31,2019-10-30,2019-09-30,2019-08-01,2019-06-30,2019-04-29,2019-03-31,2018-10-31,2018-09-30,2018-07-31,2018-06-30
cag,0000023217,2019-07-19,2019-05-26,2018-07-20,2018-05-27,2020-03-31,2020-02-23,2020-01-02,2019-11-24,2019-10-01,2019-08-25,2019-04-02,2019-02-24,2019-01-03,2018-11-25,2018-10-02,2018-08-26
cxo,0001358071,2020-02-19,2019-12-31,2019-02-20,2018-12-31,2020-05-01,2020-03-31,2019-10-30,2019-09-30,2019-08-01,2019-06-30,2019-05-01,2019-03-31,2018-10-31,2018-09-30,2018-08-02,2018-06-30
cop,0001163165,2020-02-18,2019-12-31,2019-02-19,2018-12-31,2020-05-05,2020-03-31,2019-10-31,2019-09-30,2019-08-01,2019-06-30,2019-05-02,2019-03-31,2018-10-30,2018-09-30,2018-07-31,2018-06-30
ed,0001047862,2020-02-20,2019-12-31,2019-02-21,2018-12-31,2020-05-07,2020-03-31,2019-11-04,2019-09-30,2019-08-01,2019-06-30,2019-05-02,2019-03-31,2018-11-01,2018-09-30,2018-08-02,2018-06-30
stz,0000016918,2020-04-21,2020-02-29,2019-04-23,2019-02-28,2020-01-08,2019-11-30,2019-10-03,2019-08-31,2019-06-28,2019-05-31,2019-01-09,2018-11-30,2018-10-04,2018-08-31,2018-06-29,2018-05-31
coo,0000711404,2019-12-20,2019-10-31,2018-12-21,2018-10-31,2020-06-05,2020-04-30,2020-03-06,2020-01-31,2019-08-30,2019-07-31,2019-05-31,2019-04-30,2019-03-06,2019-01-31,2018-08-31,2018-07-31
cprt,0000900075,2019-09-30,2019-07-31,2018-10-01,2018-07-31,2020-05-28,2020-04-30,2020-02-27,2020-01-31,2019-11-25,2019-10-31,2019-05-29,2019-04-30,2019-02-28,2019-01-31,2018-11-29,2018-10-31
glw,0000024741,2020-02-18,2019-12-31,2019-02-12,2018-12-31,2020-05-05,2020-03-31,2019-10-30,2019-09-30,2019-07-31,2019-06-30,2019-05-03,2019-03-31,2018-10-24,2018-09-30,2018-07-27,2018-06-30
ctva,0001755672,2020-02-14,2019-12-31,,,2020-05-07,2020-03-31,2019-10-31,2019-09-30,2019-08-06,2019-06-30,2019-05-31,2019-03-31,,,,
cost,0000909832,2019-10-11,2019-09-01,2018-10-26,2018-09-02,2020-06-04,2020-05-10,2020-03-12,2020-02-16,2019-12-23,2019-11-24,2019-06-06,2019-05-12,2019-03-13,2019-02-17,2018-12-20,2018-11-25
coty,0001024305,2019-08-28,2019-06-30,2018-08-21,2018-06-30,2020-05-11,2020-03-31,2020-02-05,2019-12-31,2019-11-06,2019-09-30,2019-05-08,2019-03-31,2019-02-08,2018-12-31,2018-11-07,2018-09-30
cci,0001051470,2020-03-10,2019-12-31,2019-02-25,2018-12-31,2020-05-01,2020-03-31,2019-11-04,2019-09-30,2019-07-31,2019-06-30,2019-05-03,2019-03-31,2018-11-05,2018-09-30,2018-08-06,2018-06-30
csx,0000277948,2020-02-12,2019-12-31,2019-02-06,2018-12-31,2020-04-23,2020-03-31,2019-10-17,2019-09-30,2019-07-17,2019-06-30,2019-04-17,2019-03-31,2018-10-17,2018-09-30,2018-07-18,2018-06-30
cmi,0000026172,2020-02-11,2019-12-31,2019-02-11,2018-12-31,2020-04-28,2020-03-29,2019-10-29,2019-09-29,2019-07-30,2019-06-30,2019-04-30,2019-03-31,2018-10-30,2018-09-30,2018-07-31,2018-07-01
cvs,0000064803,2020-02-18,2019-12-31,2019-02-28,2018-12-31,2020-05-06,2020-03-31,2019-11-06,2019-09-30,2019-08-07,2019-06-30,2019-05-01,2019-03-31,2018-11-06,2018-09-30,2018-08-08,2018-06-30
dhi,0000882184,2019-11-25,2019-09-30,2018-11-16,2018-09-30,2020-04-29,2020-03-31,2020-01-28,2019-12-31,2019-07-31,2019-06-30,2019-04-30,2019-03-31,2019-01-29,2018-12-31,2018-07-27,2018-06-30
dhr,0000313616,2020-02-21,2019-12-31,2019-02-21,2018-12-31,2020-05-06,2020-04-03,2019-10-24,2019-09-27,2019-07-18,2019-06-28,2019-04-18,2019-03-29,2018-10-18,2018-09-28,2018-07-19,2018-06-29
dri,0000940944,2019-07-19,2019-05-26,2018-07-20,2018-05-27,2020-03-31,2020-02-23,2020-01-02,2019-11-24,2019-10-01,2019-08-25,2019-04-02,2019-02-24,2019-01-02,2018-11-25,2018-10-02,2018-08-26
dva,0000927066,2020-02-21,2019-12-31,2019-02-22,2018-12-31,2020-05-05,2020-03-31,2019-11-07,2019-09-30,2019-08-02,2019-06-30,2019-05-07,2019-03-31,2018-11-07,2018-09-30,2018-08-01,2018-06-30
de,0000315189,2019-12-19,2019-11-03,2018-12-17,2018-10-28,2020-05-28,2020-05-03,2020-02-27,2020-02-02,2019-08-29,2019-07-28,2019-05-30,2019-04-28,2019-02-28,2019-01-27,2018-08-30,2018-07-29
dal,0000027904,2020-02-13,2019-12-31,2019-02-15,2018-12-31,2020-04-22,2020-03-31,2019-10-10,2019-09-30,2019-07-11,2019-06-30,2019-04-10,2019-03-31,2018-10-11,2018-09-30,2018-07-12,2018-06-30
xray,0000818479,2020-03-02,2019-12-31,2019-03-08,2018-12-31,2020-05-11,2020-03-31,2019-11-07,2019-09-30,2019-08-02,2019-06-30,2019-05-03,2019-03-31,2018-11-08,2018-09-30,2018-08-07,2018-06-30
dvn,0001090012,2020-02-19,2019-12-31,2019-02-20,2018-12-31,2020-05-06,2020-03-31,2019-11-06,2019-09-30,2019-08-07,2019-06-30,2019-05-01,2019-03-31,2018-11-07,2018-09-30,2018-08-01,2018-06-30
dxcm,0001093557,2020-02-13,2019-12-31,2019-02-21,2018-12-31,2020-04-28,2020-03-31,2019-11-06,2019-09-30,2019-07-31,2019-06-30,2019-05-01,2019-03-31,2018-11-06,2018-09-30,2018-08-01,2018-06-30
fang,0001539838,2020-02-27,2019-12-31,2019-02-25,2018-12-31,2020-05-08,2020-03-31,2019-11-06,2019-09-30,2019-08-09,2019-06-30,2019-05-10,2019-03-31,2018-11-07,2018-09-30,2018-08-09,2018-06-30
dlr,0001297996,2020-03-02,2019-12-31,2019-02-25,2018-12-31,2020-05-11,2020-03-31,2019-11-08,2019-09-30,2019-08-07,2019-06-30,2019-05-10,2019-03-31,2018-11-02,2018-09-30,2018-08-07,2018-06-30
dfs,0001393612,2020-02-26,2019-12-31,2019-02-20,2018-12-31,2020-04-30,2020-03-31,2019-10-30,2019-09-30,2019-08-01,2019-06-30,2019-05-02,2019-03-31,2018-10-31,2018-09-30,2018-08-01,2018-06-30
disca,0001437107,2020-02-27,2019-12-31,2019-03-01,2018-12-31,2020-05-06,2020-03-31,2019-11-07,2019-09-30,2019-08-06,2019-06-30,2019-05-02,2019-03-31,2018-11-09,2018-09-30,2018-08-08,2018-06-30
disck,0001437107,2020-02-27,2019-12-31,2019-03-01,2018-12-31,2020-05-06,2020-03-31,2019-11-07,2019-09-30,2019-08-06,2019-06-30,2019-05-02,2019-03-31,2018-11-09,2018-09-30,2018-08-08,2018-06-30
dish,0001001082,2020-02-19,2019-12-31,2019-02-13,2018-12-31,2020-05-07,2020-03-31,,,,,,,,,,
dg,0000029534,2020-03-19,2020-01-31,2019-03-22,2019-02-01,2020-05-28,2020-05-01,2019-12-05,2019-11-01,2019-08-29,2019-08-02,2019-05-30,2019-05-03,2018-12-04,2018-11-02,2018-08-30,2018-08-03
dltr,0000935703,2020-03-20,2020-02-01,2019-03-27,2019-02-02,2020-05-28,2020-05-02,2019-11-26,2019-11-02,2019-08-29,2019-08-03,2019-05-31,2019-05-04,2018-11-29,2018-11-03,2018-08-30,2018-08-04
d,0000715957,2020-02-28,2019-12-31,,,2020-05-05,2020-03-31,2019-11-01,2019-09-30,2019-08-01,2019-06-30,2019-05-03,2019-03-31,2018-11-02,2018-09-30,2018-08-02,2018-06-30
dpz,0001286681,2020-02-20,2019-12-29,2019-02-21,2018-12-30,2020-04-23,2020-03-22,2019-10-08,2019-09-08,2019-07-16,2019-06-16,2019-04-24,2019-03-24,2018-10-16,2018-09-09,2018-07-19,2018-06-17
dov,0000029905,2020-02-14,2019-12-31,,,2020-04-21,2020-03-31,2019-10-17,2019-09-30,2019-07-18,2019-06-30,2019-04-18,2019-03-31,2018-10-18,2018-09-30,2018-07-19,2018-06-30
dow,0001751788,2020-02-07,2019-12-31,,,2020-05-01,2020-03-31,2019-10-25,2019-09-30,2019-07-25,2019-06-30,2019-05-03,2019-03-31,,,,
dte,0000936340,2020-02-05,2019-12-31,2019-02-07,2018-12-31,2020-04-28,2020-03-31,2019-10-28,2019-09-30,2019-07-24,2019-06-30,2019-04-24,2019-03-31,2018-10-24,2018-09-30,2018-07-25,2018-06-30
duk,0001326160,2020-02-20,2019-12-31,2019-02-28,2018-12-31,2020-05-12,2020-03-31,2019-11-08,2019-09-30,2019-08-06,2019-06-30,2019-05-09,2019-03-31,2018-11-02,2018-09-30,2018-08-02,2018-06-30
dre,0000783280,2020-02-25,2019-12-31,2019-02-22,2018-12-31,2020-05-01,2020-03-31,2019-11-01,2019-09-30,2019-08-02,2019-06-30,2019-04-26,2019-03-31,2018-10-31,2018-09-30,2018-07-27,2018-06-30
dd,0001666700,2020-02-14,2019-12-31,2019-02-11,2018-12-31,2020-05-05,2020-03-31,2019-10-31,2019-09-30,2019-08-06,2019-06-30,2019-05-03,2019-03-31,2018-11-02,2018-09-30,2018-08-03,2018-06-30
dxc,0001688568,2020-06-01,2020-03-31,2019-06-13,2019-03-31,2020-02-07,2019-12-31,2019-11-12,2019-09-30,2019-08-09,2019-06-30,2019-02-08,2018-12-31,2018-11-08,2018-09-30,2018-08-08,2018-06-30
etfc,0001015780,2020-02-19,2019-12-31,2019-02-20,2018-12-31,2020-05-06,2020-03-31,2019-10-31,2019-09-30,2019-08-01,2019-06-30,2019-05-02,2019-03-31,2018-11-01,2018-09-30,2018-08-06,2018-06-30
emn,0000915389,2020-02-26,2019-12-31,2019-02-27,2018-12-31,2020-05-11,2020-03-31,2019-11-01,2019-09-30,2019-08-06,2019-06-30,2019-05-03,2019-03-31,2018-10-29,2018-09-30,2018-08-03,2018-06-30
etn,0001551182,2020-02-26,2019-12-31,2019-02-27,2018-12-31,2020-04-30,2020-03-31,2019-10-29,2019-09-30,2019-07-30,2019-06-30,2019-04-30,2019-03-31,2018-10-30,2018-09-30,2018-07-31,2018-06-30
ebay,0001065088,2020-01-31,2019-12-31,2019-01-30,2018-12-31,2020-04-30,2020-03-31,2019-10-24,2019-09-30,2019-07-18,2019-06-30,2019-04-24,2019-03-31,2018-10-31,2018-09-30,2018-07-19,2018-06-30
ecl,0000031462,2020-02-28,2019-12-31,2019-03-01,2018-12-31,2020-05-07,2020-03-31,2019-10-31,2019-09-30,2019-08-01,2019-06-30,2019-05-02,2019-03-31,2018-11-01,2018-09-30,2018-08-02,2018-06-30
eix,0000827052,2020-02-27,2019-12-31,2019-02-28,2018-12-31,2020-04-30,2020-03-31,2019-10-29,2019-09-30,2019-07-25,2019-06-30,2019-04-30,2019-03-31,2018-10-30,2018-09-30,2018-07-26,2018-06-30
ew,0001099800,2020-02-14,2019-12-31,2019-02-15,2018-12-31,2020-04-28,2020-03-31,2019-10-25,2019-09-30,2019-07-26,2019-06-30,2019-04-26,2019-03-31,2018-10-26,2018-09-30,2018-07-27,2018-06-30
ea,0000712515,2020-05-20,2020-03-31,2019-05-24,2019-03-31,2020-02-04,2019-12-31,2019-11-06,2019-09-30,2019-08-06,2019-06-30,2019-02-06,2018-12-31,2018-11-06,2018-09-30,2018-08-08,2018-06-30
emr,0000032604,2019-11-18,2019-09-30,2018-11-19,2018-09-30,2020-04-24,2020-03-31,2020-02-05,2019-12-31,2019-08-07,2019-06-30,2019-05-09,2019-03-31,2019-02-06,2018-12-31,2018-08-08,2018-06-30
etr,0000065984,2020-02-21,2019-12-31,2019-02-26,2018-12-31,2020-05-11,2020-03-31,2019-11-05,2019-09-30,2019-08-06,2019-06-30,2019-05-03,2019-03-31,2018-11-06,2018-09-30,2018-08-07,2018-06-30
eog,0000821189,2020-02-27,2019-12-31,2019-02-26,2018-12-31,2020-05-07,2020-03-31,2019-11-06,2019-09-30,2019-08-01,2019-06-30,2019-05-02,2019-03-31,2018-11-01,2018-09-30,2018-08-02,2018-06-30
efx,0000033185,2020-02-20,2019-12-31,2019-02-21,2018-12-31,2020-04-21,2020-03-31,2019-10-24,2019-09-30,2019-07-25,2019-06-30,2019-05-10,2019-03-31,2018-10-25,2018-09-30,2018-07-26,2018-06-30
eqix,0001101239,2020-02-21,2019-12-31,2019-02-22,2018-12-31,2020-05-07,2020-03-31,2019-11-01,2019-09-30,2019-08-02,2019-06-30,2019-05-03,2019-03-31,2018-11-02,2018-09-30,2018-08-08,2018-06-30
eqr,0000906107,2020-02-20,2019-12-31,2019-02-21,2018-12-31,2020-05-07,2020-03-31,2019-10-30,2019-09-30,2019-08-02,2019-06-30,2019-05-06,2019-03-31,2018-10-30,2018-09-30,2018-08-02,2018-06-30
ess,0000920522,2020-02-20,2019-12-31,2019-02-21,2018-12-31,2020-05-07,2020-03-31,2019-10-24,2019-09-30,2019-07-25,2019-06-30,2019-04-26,2019-03-31,2018-10-31,2018-09-30,2018-08-03,2018-06-30
el,0001001250,2019-08-23,2019-06-30,2018-08-24,2018-06-30,2020-05-01,2020-03-31,2020-02-06,2019-12-31,2019-10-31,2019-09-30,2019-05-01,2019-03-31,2019-02-05,2018-12-31,2018-10-31,2018-09-30
evrg,0001711269,2020-03-02,2019-12-31,2019-02-22,2018-12-31,2020-05-06,2020-03-31,2019-11-06,2019-09-30,2019-08-07,2019-06-30,2019-05-08,2019-03-31,2018-11-07,2018-09-30,2018-08-08,2018-06-30
es,0000072741,2020-02-27,2019-12-31,2019-02-26,2018-12-31,2020-05-08,2020-03-31,2019-11-07,2019-09-30,2019-08-06,2019-06-30,2019-05-07,2019-03-31,2018-11-06,2018-09-30,2018-08-03,2018-06-30
re,0001095073,2020-03-02,2019-12-31,2019-03-01,2018-12-31,2020-05-11,2020-03-31,2019-11-12,2019-09-30,2019-08-09,2019-06-30,2019-05-10,2019-03-31,2018-11-09,2018-09-30,2018-08-09,2018-06-30
exc,0001109357,2020-02-11,2019-12-31,2019-02-08,2018-12-31,2020-05-08,2020-03-31,2019-10-31,2019-09-30,2019-08-01,2019-06-30,2019-05-02,2019-03-31,2018-11-01,2018-09-30,2018-08-02,2018-06-30
expe,0001324424,2020-02-14,2019-12-31,2019-02-08,2018-12-31,2020-05-21,2020-03-31,2019-11-07,2019-09-30,2019-07-25,2019-06-30,2019-05-03,2019-03-31,2018-10-26,2018-09-30,2018-07-27,2018-06-30
expd,0000746515,2020-02-21,2019-12-31,2019-02-22,2018-12-31,2020-05-07,2020-03-31,,,,,,,,,,
exr,0001289490,2020-02-25,2019-12-31,2019-02-26,2018-12-31,2020-05-08,2020-03-31,2019-11-05,2019-09-30,2019-08-06,2019-06-30,2019-05-07,2019-03-31,2018-11-06,2018-09-30,2018-08-09,2018-06-30
xom,0000034088,2020-02-26,2019-12-31,2019-02-27,2018-12-31,2020-05-06,2020-03-31,2019-11-06,2019-09-30,2019-08-07,2019-06-30,2019-05-02,2019-03-31,2018-11-07,2018-09-30,2018-08-02,2018-06-30
ffiv,0001048695,2019-11-15,2019-09-30,2018-11-21,2018-09-30,2020-05-06,2020-03-31,2020-02-05,2019-12-31,2019-08-02,2019-06-30,2019-05-03,2019-03-31,2019-02-01,2018-12-31,2018-08-01,2018-06-30
fb,0001326801,2020-01-30,2019-12-31,2019-01-31,2018-12-31,2020-04-30,2020-03-31,2019-10-31,2019-09-30,2019-07-25,2019-06-30,2019-04-25,2019-03-31,2018-10-31,2018-09-30,2018-07-26,2018-06-30
fast,0000815556,2020-02-06,2019-12-31,2019-02-06,2018-12-31,2020-04-17,2020-03-31,2019-10-16,2019-09-30,2019-07-16,2019-06-30,2019-04-16,2019-03-31,2018-10-16,2018-09-30,2018-07-16,2018-06-30
frt,0000034903,2020-02-10,2019-12-31,2019-02-13,2018-12-31,2020-05-06,2020-03-31,2019-10-30,2019-09-30,2019-08-01,2019-06-30,2019-05-02,2019-03-31,2018-10-31,2018-09-30,2018-08-01,2018-06-30
fdx,0001048911,2019-07-16,2019-05-31,2018-07-16,2018-05-31,2020-03-17,2020-02-29,2019-12-17,2019-11-30,2019-09-17,2019-08-31,2019-03-19,2019-02-28,2018-12-18,2018-11-30,,
fis,0001136893,2020-02-20,2019-12-31,2019-02-21,2018-12-31,2020-05-07,2020-03-31,2019-11-05,2019-09-30,2019-08-06,2019-06-30,2019-04-30,2019-03-31,2018-10-30,2018-09-30,2018-07-31,2018-06-30
fitb,0000035527,2020-03-02,2019-12-31,2019-03-01,2018-12-31,2020-05-08,2020-03-31,2019-11-08,2019-09-30,2019-08-08,2019-06-30,2019-05-10,2019-03-31,2018-11-06,2018-09-30,2018-08-08,2018-06-30
fe,0001031296,2020-02-10,2019-12-31,2019-02-19,2018-12-31,2020-04-23,2020-03-31,2019-11-04,2019-09-30,2019-07-23,2019-06-30,2019-04-23,2019-03-31,2018-10-25,2018-09-30,2018-07-31,2018-06-30
fisv,0000798354,2020-02-27,2019-12-31,2019-02-21,2018-12-31,2020-05-08,2020-03-31,2019-11-07,2019-09-30,2019-07-26,2019-06-30,2019-05-01,2019-03-31,2018-11-01,2018-09-30,2018-08-01,2018-06-30
flt,0001175454,2020-03-02,2019-12-31,2019-03-01,2018-12-31,2020-05-11,2020-03-31,2019-11-12,2019-09-30,2019-08-09,2019-06-30,2019-05-10,2019-03-31,2018-11-08,2018-09-30,2018-08-09,2018-06-30
flir,0000354908,2020-02-27,2019-12-31,2019-02-28,2018-12-31,2020-05-06,2020-03-31,2019-10-31,2019-09-30,2019-07-31,2019-06-30,2019-05-02,2019-03-31,2018-10-30,2018-09-30,2018-07-27,2018-06-30
fls,0000030625,2020-02-18,2019-12-31,2019-02-20,2018-12-31,2020-05-07,2020-03-31,2019-10-30,2019-09-30,2019-07-31,2019-06-30,2019-05-02,2019-03-31,2018-11-07,2018-09-30,2018-08-08,2018-06-30
fmc,0000037785,2020-02-28,2019-12-31,2019-02-28,2018-12-31,2020-05-06,2020-03-31,2019-10-30,2019-09-30,2019-07-31,2019-06-30,2019-05-08,2019-03-31,2018-11-06,2018-09-30,2018-08-02,2018-06-30
f,0000037996,2020-02-05,2019-12-31,2019-02-21,2018-12-31,2020-04-29,2020-03-31,2019-10-24,2019-09-30,2019-07-25,2019-06-30,2019-04-26,2019-03-31,2018-10-25,2018-09-30,2018-07-26,2018-06-30
ftnt,0001262039,2020-02-26,2019-12-31,2019-02-27,2018-12-31,2020-05-07,2020-03-31,2019-10-31,2019-09-30,2019-08-01,2019-06-30,2019-05-08,2019-03-31,2018-11-07,2018-09-30,2018-08-07,2018-06-30
ftv,0001659166,2020-02-27,2019-12-31,2019-02-28,2018-12-31,2020-04-30,2020-03-27,2019-10-25,2019-09-27,2019-07-25,2019-06-28,2019-04-25,2019-03-29,2018-10-25,2018-09-28,2018-07-26,2018-06-29
fbhs,0001519751,2020-02-26,2019-12-31,2019-02-25,2018-12-31,2020-05-01,2020-03-31,2019-10-31,2019-09-30,2019-08-02,2019-06-30,2019-05-07,2019-03-31,2018-11-08,2018-09-30,2018-07-31,2018-06-30
foxa,0001754301,2019-08-09,2019-06-30,,,2020-05-07,2020-03-31,2020-02-05,2019-12-31,,,,,,,,
fox,0001754301,2019-08-09,2019-06-30,,,2020-05-07,2020-03-31,2020-02-05,2019-12-31,2019-11-06,2019-09-30,2019-05-10,2019-03-31,2019-03-18,2018-12-31,,
ben,0000038777,2019-11-12,2019-09-30,2018-11-09,2018-09-30,2020-04-30,2020-03-31,2020-01-30,2019-12-31,2019-07-30,2019-06-30,2019-04-26,2019-03-31,2019-01-30,2018-12-31,2018-07-27,2018-06-30
fcx,0000831259,2020-02-14,2019-12-31,2019-02-15,2018-12-31,2020-05-07,2020-03-31,2019-11-06,2019-09-30,2019-08-06,2019-06-30,2019-05-07,2019-03-31,2018-11-09,2018-09-30,2018-08-08,2018-06-30
gps,0000039911,2020-03-17,2020-02-01,2019-03-19,2019-02-02,2020-06-09,2020-05-02,2019-11-27,2019-11-02,2019-08-30,2019-08-03,2019-05-31,2019-05-04,2018-11-30,2018-11-03,2018-08-31,2018-08-04
grmn,0001121788,2020-02-19,2019-12-28,2019-02-20,2018-12-29,2020-04-29,2020-03-28,2019-10-30,2019-09-28,2019-07-31,2019-06-29,2019-05-01,2019-03-30,2018-10-31,2018-09-29,2018-08-01,2018-06-30
it,0000749251,2020-02-19,2019-12-31,2019-02-22,2018-12-31,2020-05-07,2020-03-31,2019-10-31,2019-09-30,2019-07-30,2019-06-30,2019-05-07,2019-03-31,,,,
gd,0000040533,2020-02-10,2019-12-31,2019-02-13,2018-12-31,2020-04-29,2020-03-29,2019-10-23,2019-09-29,2019-07-24,2019-06-30,2019-04-24,2019-03-31,2018-10-24,2018-09-30,2018-07-25,2018-07-01
ge,0000040545,2020-02-24,2019-12-31,2019-02-26,2018-12-31,2020-04-29,2020-03-31,2019-10-30,2019-09-30,2019-07-31,2019-06-30,2019-04-30,2019-03-31,2018-10-30,2018-09-30,2018-07-27,2018-06-30
gis,0000040704,2019-06-28,2019-05-26,2018-06-29,2018-05-27,2020-03-18,2020-02-23,2019-12-18,2019-11-24,2019-09-18,2019-08-25,2019-03-20,2019-02-24,2018-12-19,2018-11-25,2018-09-18,2018-08-26
gm,0001467858,2020-02-05,2019-12-31,2019-02-06,2018-12-31,2020-05-06,2020-03-31,2019-10-29,2019-09-30,2019-08-01,2019-06-30,2019-04-30,2019-03-31,2018-10-31,2018-09-30,2018-07-25,2018-06-30
gpc,0000040987,2020-02-21,2019-12-31,2019-02-25,2018-12-31,2020-05-06,2020-03-31,2019-10-18,2019-09-30,2019-07-19,2019-06-30,2019-04-19,2019-03-31,2018-10-22,2018-09-30,2018-07-25,2018-06-30
gild,0000882095,2020-02-25,2019-12-31,2019-02-26,2018-12-31,2020-05-06,2020-03-31,2019-11-05,2019-09-30,2019-08-06,2019-06-30,2019-05-08,2019-03-31,2018-11-06,2018-09-30,2018-08-06,2018-06-30
gl,0000320335,2020-02-27,2019-12-31,2019-03-01,2018-12-31,2020-05-07,2020-03-31,2019-11-12,2019-09-30,2019-08-08,2019-06-30,2019-05-07,2019-03-31,2018-11-07,2018-09-30,2018-08-08,2018-06-30
gpn,0001123360,2020-02-21,2019-12-31,2019-02-21,2018-12-31,2020-05-06,2020-03-31,2019-10-31,2019-09-30,2019-07-30,2019-06-30,2019-05-02,2019-03-31,2018-10-30,2018-09-30,2018-08-02,2018-06-30
gs,0000886982,2020-02-21,2019-12-31,2019-02-26,2018-12-31,2020-05-01,2020-03-31,2019-11-01,2019-09-30,2019-08-05,2019-06-30,2019-05-06,2019-03-31,2018-11-02,2018-09-30,2018-08-03,2018-06-30
gww,0000277135,2020-02-20,2019-12-31,2019-02-28,2018-12-31,2020-04-23,2020-03-31,2019-10-23,2019-09-30,2019-07-24,2019-06-30,2019-04-22,2019-03-31,2018-11-01,2018-09-30,2018-07-26,2018-06-30
hrb,0000012659,2019-06-14,2019-04-30,2018-06-15,2018-04-30,2020-03-09,2020-01-31,2019-12-06,2019-10-31,2019-09-06,2019-07-31,2019-03-08,2019-01-31,2018-12-07,2018-10-31,2018-09-07,2018-07-31
hal,0000045012,2020-02-11,2019-12-31,2019-02-13,2018-12-31,2020-04-24,2020-03-31,2019-10-25,2019-09-30,2019-07-26,2019-06-30,2019-04-26,2019-03-31,2018-10-26,2018-09-30,2018-07-27,2018-06-30
hbi,0001359841,2020-02-11,2019-12-28,2019-02-11,2018-12-29,2020-04-30,2020-03-28,2019-10-31,2019-09-28,2019-08-02,2019-06-29,2019-05-02,2019-03-30,2018-11-01,2018-09-29,2018-08-02,2018-06-30
hog,0000793952,2020-02-19,2019-12-31,2019-02-28,2018-12-31,2020-05-07,2020-03-29,2019-11-07,2019-09-29,2019-08-08,2019-06-30,2019-05-09,2019-03-31,2018-11-08,2018-09-30,2018-08-09,2018-07-01
hig,0000874766,2020-02-21,2019-12-31,2019-02-22,2018-12-31,2020-04-29,2020-03-31,2019-11-04,2019-09-30,2019-08-01,2019-06-30,2019-05-01,2019-03-31,2018-10-25,2018-09-30,2018-07-26,2018-06-30
has,0000046080,2020-02-27,2019-12-29,2019-02-26,2018-12-30,2020-05-07,2020-03-29,2019-10-22,2019-09-29,2019-07-31,2019-06-30,2019-05-01,2019-03-31,2018-11-01,2018-09-30,2018-08-01,2018-07-01
hca,0000860730,2020-02-20,2019-12-31,2019-02-21,2018-12-31,2020-05-06,2020-03-31,2019-11-01,2019-09-30,2019-08-02,2019-06-30,2019-05-03,2019-03-31,2018-11-06,2018-09-30,2018-08-03,2018-06-30
peak,0000765880,2020-02-13,2019-12-31,2019-02-14,2018-12-31,2020-05-06,2020-03-31,2019-10-31,2019-09-30,2019-08-01,2019-06-30,2019-05-02,2019-03-31,2018-10-31,2018-09-30,2018-08-02,2018-06-30
hsic,0001000228,2020-02-20,2019-12-28,2019-02-20,2018-12-29,2020-05-05,2020-03-28,2019-11-05,2019-09-28,2019-08-06,2019-06-29,2019-05-07,2019-03-30,2018-11-06,2018-09-29,2018-08-06,2018-08-06
hsy,0000047111,2020-02-20,2019-12-31,2019-02-22,2018-12-31,2020-04-23,2020-03-29,2019-10-25,2019-09-29,2019-07-25,2019-06-30,2019-04-25,2019-03-31,2018-10-26,2018-09-30,2018-07-27,2018-07-01
hes,0000004447,2020-02-20,2019-12-31,2019-02-21,2018-12-31,2020-05-07,2020-03-31,2019-11-07,2019-09-30,2019-08-06,2019-06-30,2019-05-01,2019-03-31,2018-11-09,2018-09-30,2018-08-01,2018-06-30
hpe,0001645590,2019-12-13,2019-10-31,2018-12-12,2018-10-31,2020-06-02,2020-04-30,2020-03-09,2020-01-31,2019-08-30,2019-07-31,2019-05-31,2019-04-30,2019-03-05,2019-01-31,2018-09-04,2018-07-31
hlt,0001585689,2020-02-11,2019-12-31,2019-02-13,2018-12-31,2020-05-07,2020-03-31,2019-10-23,2019-09-30,2019-07-24,2019-06-30,2019-05-01,2019-03-31,2018-10-24,2018-09-30,2018-07-25,2018-06-30
hfc,0000048039,2020-02-20,2019-12-31,2019-02-20,2018-12-31,2020-05-07,2020-03-31,2019-10-31,2019-09-30,2019-08-01,2019-06-30,2019-05-02,2019-03-31,2018-10-31,2018-09-30,2018-08-02,2018-06-30
holx,0000859737,2019-11-27,2019-09-28,2018-11-20,2018-09-29,2020-04-29,2020-03-28,2020-01-29,2019-12-28,2019-07-31,2019-06-29,2019-05-01,2019-03-30,2019-01-30,2018-12-29,2018-07-31,2018-06-30
hd,0000354950,2020-03-25,2020-02-02,2019-03-28,2019-02-03,2020-05-27,2020-05-03,2019-11-26,2019-11-03,2019-08-27,2019-08-04,2019-05-29,2019-05-05,2018-11-20,2018-10-28,2018-08-21,2018-07-29
hon,0000773840,2020-02-14,2019-12-31,2019-02-08,2018-12-31,2020-05-01,2020-03-31,2019-10-17,2019-09-30,2019-07-18,2019-06-30,2019-04-18,2019-03-31,2018-10-19,2018-09-30,2018-07-20,2018-06-30
hrl,0000048465,2019-12-06,2019-10-27,2018-12-07,2018-10-28,2020-06-02,2020-04-26,2020-03-03,2020-01-26,2019-09-03,2019-07-28,2019-06-04,2019-04-28,2019-03-05,2019-01-27,2018-09-07,2018-07-29
hst,0001070750,2020-02-25,2019-12-31,2019-02-26,2018-12-31,2020-05-08,2020-03-31,2019-11-07,2019-09-30,2019-08-08,2019-06-30,2019-05-03,2019-03-31,2018-11-05,2018-09-30,2018-08-08,2018-06-30
hwm,0000004281,2020-02-27,2019-12-31,2019-02-21,2018-12-31,2020-05-07,2020-03-31,2019-11-05,2019-09-30,2019-08-02,2019-06-30,2019-05-01,2019-03-31,2018-11-01,2018-09-30,2018-08-02,2018-06-30
hpq,0000047217,2019-12-12,2019-10-31,2018-12-13,2018-10-31,2020-06-05,2020-04-30,2020-03-05,2020-01-31,2019-08-29,2019-07-31,2019-05-30,2019-04-30,2019-03-05,2019-01-31,2018-08-28,2018-07-31
hum,0000049071,2020-02-20,2019-12-31,2019-02-21,2018-12-31,2020-04-29,2020-03-31,2019-11-06,2019-09-30,,,,,,,,
hban,0000049196,2020-02-14,2019-12-31,2019-02-15,2018-12-31,2020-05-01,2020-03-31,2019-10-28,2019-09-30,2019-07-29,2019-06-30,2019-04-29,2019-03-31,2018-10-30,2018-09-30,2018-07-30,2018-06-30
hii,0001501585,2020-02-13,2019-12-31,2019-02-14,2018-12-31,2020-05-07,2020-03-31,2019-11-07,2019-09-30,2019-08-01,2019-06-30,2019-05-02,2019-03-31,2018-11-08,2018-09-30,2018-08-02,2018-06-30
iex,0000832101,2020-02-21,2019-12-31,2019-02-28,2018-12-31,2020-04-24,2020-03-31,2019-10-30,2019-09-30,2019-07-26,2019-06-30,2019-04-26,2019-03-31,2018-10-24,2018-09-30,2018-07-25,2018-06-30
idxx,0000874716,2020-02-14,2019-12-31,2019-02-15,2018-12-31,2020-04-30,2020-03-31,2019-10-31,2019-09-30,2019-08-01,2019-06-30,2019-05-01,2019-03-31,2018-11-01,2018-09-30,2018-08-01,2018-06-30
info,0001598014,2020-01-17,2019-11-30,2019-01-18,2018-11-30,2020-03-24,2020-02-29,2019-09-24,2019-08-31,2019-06-26,2019-05-31,2019-03-26,2019-02-28,2018-09-25,2018-08-31,2018-06-26,2018-05-31
itw,0000049826,2020-02-14,2019-12-31,2019-02-15,2018-12-31,2020-05-08,2020-03-31,2019-10-28,2019-09-30,2019-08-02,2019-06-30,2019-05-03,2019-03-31,2018-11-01,2018-09-30,2018-08-03,2018-06-30
ilmn,0001110803,2020-02-11,2019-12-29,2019-02-12,2018-12-30,2020-05-01,2020-03-29,2019-10-25,2019-09-29,2019-07-31,2019-06-30,2019-04-26,2019-03-31,2018-10-24,2018-09-30,2018-07-31,2018-07-01
incy,0000879169,2020-02-13,2019-12-31,2019-02-14,2018-12-31,2020-05-05,2020-03-31,2019-10-29,2019-09-30,2019-07-30,2019-06-30,2019-04-30,2019-03-31,2018-10-30,2018-09-30,2018-07-31,2018-06-30
ir,0001699150,2020-02-26,2019-12-31,2019-02-27,2018-12-31,2020-05-15,2020-03-31,2019-10-30,2019-09-30,2019-08-02,2019-06-30,2019-04-30,2019-03-31,2018-10-29,2018-09-30,2018-08-03,2018-06-30
intc,0000050863,2020-01-24,2019-12-28,2019-02-01,2018-12-29,2020-04-24,2020-03-28,2019-10-25,2019-09-28,2019-07-26,2019-06-29,2019-04-26,2019-03-30,2018-10-26,2018-09-29,2018-07-27,2018-06-30
ice,0001571949,2020-02-06,2019-12-31,2019-02-07,2018-12-31,2020-04-30,2020-03-31,2019-10-31,2019-09-30,2019-08-01,2019-06-30,2019-05-02,2019-03-31,2018-10-31,2018-09-30,2018-08-02,2018-06-30
ibm,0000051143,2020-02-25,2019-12-31,2019-02-26,2018-12-31,2020-04-28,2020-03-31,2019-10-29,2019-09-30,2019-07-30,2019-06-30,2019-04-30,2019-03-31,2018-10-30,2018-09-30,2018-07-31,2018-06-30
ip,0000051434,2020-02-19,2019-12-31,2019-02-20,2018-12-31,2020-05-01,2020-03-31,2019-11-01,2019-09-30,2019-07-31,2019-06-30,2019-05-03,2019-03-31,2018-11-02,2018-09-30,2018-08-03,2018-06-30
ipg,0000051644,2020-02-21,2019-12-31,2019-02-25,2018-12-31,2020-04-23,2020-03-31,2019-10-25,2019-09-30,2019-07-25,2019-06-30,2019-04-26,2019-03-31,2018-10-25,2018-09-30,2018-07-25,2018-06-30
iff,0000051253,2020-03-03,2019-12-31,2019-02-26,2018-12-31,2020-05-11,2020-03-31,2019-11-04,2019-09-30,2019-08-05,2019-06-30,2019-05-06,2019-03-31,2018-11-05,2018-09-30,2018-08-07,2018-06-30
intu,0000896878,2019-08-30,2019-07-31,2018-08-31,2018-07-31,2020-05-21,2020-04-30,2020-02-24,2020-01-31,2019-11-21,2019-10-31,2019-05-23,2019-04-30,2019-02-22,2019-01-31,2018-11-20,2018-10-31
isrg,0001035267,2020-02-07,2019-12-31,2019-02-04,2018-12-31,2020-04-17,2020-03-31,2019-10-18,2019-09-30,2019-07-22,2019-06-30,2019-04-19,2019-03-31,2018-10-22,2018-09-30,2018-07-20,2018-06-30
ivz,0000914208,2020-03-02,2019-12-31,2019-02-22,2018-12-31,2020-04-23,2020-03-31,,,,,,,,,,
ipgp,0001111928,2020-02-24,2019-12-31,2019-02-27,2018-12-31,2020-05-05,2020-03-31,2019-11-05,2019-09-30,2019-08-06,2019-06-30,2019-05-08,2019-03-31,2018-11-05,2018-09-30,2018-08-09,2018-06-30
iqv,0001478242,2020-02-18,2019-12-31,2019-02-19,2018-12-31,2020-04-30,2020-03-31,2019-11-01,2019-09-30,2019-07-24,2019-06-30,2019-05-02,2019-03-31,2018-10-25,2018-09-30,2018-07-27,2018-06-30
irm,0001020569,2020-02-13,2019-12-31,2019-02-14,2018-12-31,2020-05-07,2020-03-31,2019-10-31,2019-09-30,2019-08-01,2019-06-30,2019-04-25,2019-03-31,2018-10-25,2018-09-30,2018-07-27,2018-06-30
jkhy,0000779152,2019-08-26,2019-06-30,2018-08-24,2018-06-30,2020-05-08,2020-03-31,2020-02-07,2019-12-31,2019-11-08,2019-09-30,2019-05-09,2019-03-31,2019-02-07,2018-12-31,2018-11-08,2018-09-30
j,0000052988,2019-11-25,2019-09-27,2018-11-21,2018-09-28,2020-05-06,2020-03-27,2020-02-04,2019-12-27,2019-08-05,2019-06-28,2019-05-07,2019-03-29,2019-02-06,2018-12-28,2018-08-06,2018-06-29
jbht,0000728535,2020-03-02,2019-12-31,2019-02-22,2018-12-31,2020-05-01,2020-03-31,2019-11-01,2019-09-30,2019-07-26,2019-06-30,2019-04-26,2019-03-31,2018-10-29,2018-09-30,2018-07-27,2018-06-30
sjm,0000091419,2019-06-17,2019-04-30,2018-06-18,2018-04-30,2020-02-27,2020-01-31,2019-11-22,2019-10-31,2019-08-27,2019-07-31,2019-02-26,2019-01-31,2018-11-28,2018-10-31,2018-08-27,2018-07-31
jnj,0000200406,2020-02-18,2019-12-29,2019-02-20,2018-12-30,2020-04-29,2020-03-29,2019-10-28,2019-09-29,2019-07-29,2019-06-30,2019-05-01,2019-03-31,2018-10-31,2018-09-30,2018-08-02,2018-07-01
jci,0000833444,2019-11-21,2019-09-30,2018-11-20,2018-09-30,2020-05-01,2020-03-31,2020-01-31,2019-12-31,2019-08-01,2019-06-30,2019-05-03,2019-03-31,2019-02-01,2018-12-31,2018-08-02,2018-06-30
jpm,0000019617,2020-02-25,2019-12-31,2019-02-26,2018-12-31,2020-05-07,2020-03-31,2019-11-04,2019-09-30,2019-08-06,2019-06-30,2019-05-02,2019-03-31,2018-10-31,2018-09-30,2018-08-01,2018-06-30
jnpr,0001043604,2020-02-20,2019-12-31,2019-02-22,2018-12-31,2020-05-05,2020-03-31,2019-11-06,2019-09-30,2019-08-07,2019-06-30,2019-05-09,2019-03-31,2018-11-07,2018-09-30,2018-08-08,2018-06-30
ksu,0000054480,2020-01-24,2019-12-31,2019-01-25,2018-12-31,2020-04-17,2020-03-31,2019-10-18,2019-09-30,2019-07-19,2019-06-30,2019-04-17,2019-03-31,2018-10-19,2018-09-30,2018-07-20,2018-06-30
k,0000055067,2020-02-24,2019-12-28,2019-02-25,2018-12-29,2020-05-01,2020-03-28,2019-10-30,2019-09-28,2019-08-02,2019-06-29,2019-05-03,2019-03-30,2018-11-01,2018-09-29,2018-08-03,2018-06-30
key,0000091576,2020-02-26,2019-12-31,2019-02-25,2018-12-31,2020-05-04,2020-03-31,2019-10-31,2019-09-30,2019-08-01,2019-06-30,2019-05-03,2019-03-31,,,,
keys,0001601046,2019-12-18,2019-10-31,2018-12-18,2018-10-31,2020-06-02,2020-04-30,2020-03-05,2020-01-31,2019-08-30,2019-07-31,2019-05-30,2019-04-30,2019-03-05,2019-01-31,2018-08-31,2018-07-31
kmb,0000055785,2020-02-13,2019-12-31,2019-02-07,2018-12-31,2020-04-22,2020-03-31,2019-10-22,2019-09-30,2019-07-23,2019-06-30,2019-04-22,2019-03-31,2018-10-22,2018-09-30,2018-07-24,2018-06-30
kim,0000879101,2020-02-25,2019-12-31,2019-02-15,2018-12-31,2020-05-08,2020-03-31,2019-10-25,2019-09-30,2019-07-26,2019-06-30,2019-05-03,2019-03-31,2018-10-26,2018-09-30,2018-07-27,2018-06-30
kmi,0001506307,2020-02-12,2019-12-31,2019-02-08,2018-12-31,2020-04-29,2020-03-31,2019-10-21,2019-09-30,2019-07-19,2019-06-30,2019-04-23,2019-03-31,2018-10-19,2018-09-30,2018-07-20,2018-06-30
klac,0000319201,2019-08-16,2019-06-30,2018-08-06,2018-06-30,2020-05-06,2020-03-31,2020-02-05,2019-12-31,2019-10-31,2019-09-30,2019-05-08,2019-03-31,2019-01-29,2018-12-31,2018-10-31,2018-09-30
kss,0000885639,2020-03-18,2020-02-01,2019-03-22,2019-02-02,2020-06-05,2020-05-02,2019-12-06,2019-11-02,2019-09-06,2019-08-03,2019-06-07,2019-05-04,2018-12-07,2018-11-03,2018-09-07,2018-08-04
khc,0001637459,2020-02-14,2019-12-28,2019-06-07,2018-12-29,2020-05-01,2020-03-28,2019-10-31,2019-09-28,2019-08-13,2019-06-29,2019-08-13,2019-03-30,2018-11-02,2018-09-29,2018-08-03,2018-06-30
kr,0000056873,2020-04-01,2020-02-01,2019-04-02,2019-02-02,2019-12-17,2019-11-09,2019-09-24,2019-08-17,2019-06-28,2019-05-25,2018-12-18,2018-11-10,2018-09-25,2018-08-18,2018-06-29,2018-05-26
lb,0000701985,2020-03-30,2020-02-01,2019-03-22,2019-02-02,2020-06-03,2020-05-02,2019-12-06,2019-11-02,2019-09-06,2019-08-03,2019-06-04,2019-05-04,2018-12-04,2018-11-03,2018-09-07,2018-08-04
lhx,0000202058,2019-08-22,2019-06-28,2018-08-27,2018-06-29,2020-05-07,2020-04-03,2019-10-31,2019-09-27,2019-05-02,2019-03-29,2019-01-30,2018-12-28,2018-10-26,2018-09-28,2018-05-03,2018-03-30
lh,0000920148,2020-02-28,2019-12-31,2019-02-28,2018-12-31,2020-05-08,2020-03-31,2019-10-31,2019-09-30,2019-08-08,2019-06-30,2019-05-03,2019-03-31,2018-10-30,2018-09-30,2018-07-27,2018-06-30
lrcx,0000707549,2019-08-20,2019-06-30,2018-08-14,2018-06-24,2020-04-28,2020-03-29,2020-02-04,2019-12-29,2019-10-29,2019-09-29,2019-04-30,2019-03-31,2019-01-30,2018-12-23,2018-10-23,2018-09-23
lw,0001679273,2019-07-25,2019-05-26,2018-07-26,2018-05-27,2020-04-01,2020-02-23,2020-01-03,2019-11-24,2019-10-02,2019-08-25,2019-04-02,2019-02-24,2019-01-04,2018-11-25,2018-10-02,2018-08-26
lvs,0001300514,2020-02-07,2019-12-31,2019-02-22,2018-12-31,2020-04-24,2020-03-31,2019-10-25,2019-09-30,2019-07-24,2019-06-30,2019-04-19,2019-03-31,2018-10-26,2018-09-30,2018-07-25,2018-06-30
leg,0000058492,2020-02-20,2019-12-31,2019-02-27,2018-12-31,2020-05-08,2020-03-31,2019-11-05,2019-09-30,2019-08-06,2019-06-30,2019-05-07,2019-03-31,2018-11-07,2018-09-30,2018-08-03,2018-06-30
ldos,0001336920,2020-02-18,2020-01-03,2019-02-19,2018-12-28,2020-05-05,2020-04-03,2019-10-29,2019-09-27,2019-07-30,2019-06-28,2019-04-30,2019-03-29,2018-10-26,2018-09-28,2018-07-27,2018-06-29
len,0000920760,2020-01-27,2019-11-30,2019-01-28,2018-11-30,2020-04-07,2020-02-29,2019-10-08,2019-08-31,2019-07-03,2019-05-31,2019-04-08,2019-02-28,2018-10-09,2018-08-31,2018-07-06,2018-05-31
lly,0000059478,2020-02-19,2019-12-31,2019-02-19,2018-12-31,2020-05-01,2020-03-31,2019-10-25,2019-09-30,,,,,,,,
lnc,0000059558,2020-02-20,2019-12-31,2019-02-20,2018-12-31,2020-05-07,2020-03-31,2019-10-31,2019-09-30,2019-08-01,2019-06-30,2019-05-02,2019-03-31,2018-11-02,2018-09-30,2018-08-02,2018-06-30
lin,0001707925,2020-03-02,2019-12-31,2019-03-18,2018-12-31,2020-05-07,2020-03-31,2019-11-12,2019-09-30,2019-08-09,2019-06-30,2019-05-10,2019-03-31,2018-11-09,2018-09-30,2017-10-30,2017-09-30
lyv,0001335258,2020-02-27,2019-12-31,2019-02-28,2018-12-31,2020-05-07,2020-03-31,2019-10-31,2019-09-30,2019-07-25,2019-06-30,2019-05-02,2019-03-31,2018-11-01,2018-09-30,2018-07-26,2018-06-30
lkq,0001065696,2020-02-27,2019-12-31,2019-03-01,2018-12-31,2020-05-07,2020-03-31,2019-11-05,2019-09-30,2019-08-02,2019-06-30,2019-05-02,2019-03-31,2018-11-06,2018-09-30,2018-08-06,2018-06-30
lmt,0000936468,2020-02-07,2019-12-31,2019-02-08,2018-12-31,2020-04-22,2020-03-29,2019-10-24,2019-09-29,2019-07-23,2019-06-30,2019-04-24,2019-03-31,2018-10-25,2018-09-30,2018-07-24,2018-06-24
l,0000060086,2020-02-12,2019-12-31,2019-02-13,2018-12-31,2020-05-04,2020-03-31,2019-10-28,2019-09-30,2019-08-05,2019-06-30,2019-04-29,2019-03-31,2018-11-05,2018-09-30,2018-07-30,2018-06-30
low,0000060667,2020-03-23,2020-01-31,2019-04-02,2019-02-01,2020-05-28,2020-05-01,2019-12-04,2019-11-01,2019-09-03,2019-08-02,2019-06-03,2019-05-03,2018-12-06,2018-11-02,2018-09-04,2018-08-03
lyb,0001489393,2020-02-20,2019-12-31,2019-02-21,2018-12-31,2020-05-01,2020-03-31,2019-11-01,2019-09-30,2019-08-02,2019-06-30,2019-04-26,2019-03-31,2018-10-30,2018-09-30,2018-08-03,2018-06-30
mtb,0000036270,2020-02-20,2019-12-31,2019-02-20,2018-12-31,2020-05-07,2020-03-31,2019-11-05,2019-09-30,2019-08-05,2019-06-30,2019-05-02,2019-03-31,2018-11-05,2018-09-30,2018-08-02,2018-06-30
mro,0000101778,2020-02-20,2019-12-31,2019-02-21,2018-12-31,2020-05-07,2020-03-31,2019-11-07,2019-09-30,2019-08-08,2019-06-30,2019-05-02,2019-03-31,2018-11-08,2018-09-30,2018-08-02,2018-06-30
mpc,0001510295,2020-02-28,2019-12-31,2019-02-28,2018-12-31,2020-05-07,2020-03-31,2019-11-04,2019-09-30,2019-08-05,2019-06-30,2019-05-09,2019-03-31,2018-11-05,2018-09-30,2018-08-06,2018-06-30
mktx,0001278021,2020-02-18,2019-12-31,2019-02-20,2018-12-31,2020-05-01,2020-03-31,2019-10-25,2019-09-30,2019-07-25,2019-06-30,2019-04-25,2019-03-31,2018-10-25,2018-09-30,2018-07-26,2018-06-30
mar,0001048286,2020-02-27,2019-12-31,2019-03-01,2018-12-31,2020-05-11,2020-03-31,2019-11-05,2019-09-30,2019-08-06,2019-06-30,2019-05-10,2019-03-31,2018-11-06,2018-09-30,2018-08-07,2018-06-30
mmc,0000062709,2020-02-20,2019-12-31,2019-02-21,2018-12-31,2020-05-01,2020-03-31,2019-10-30,2019-09-30,2019-08-02,2019-06-30,2019-04-26,2019-03-31,2018-10-26,2018-09-30,2018-07-27,2018-06-30
mlm,0000916076,2020-02-21,2019-12-31,2019-02-25,2018-12-31,2020-05-05,2020-03-31,2019-10-30,2019-09-30,2019-07-31,2019-06-30,2019-05-01,2019-03-31,2018-11-07,2018-09-30,2018-07-27,2018-06-30
mas,0000062996,2020-02-11,2019-12-31,2019-02-07,2018-12-31,2020-04-29,2020-03-31,2019-10-30,2019-09-30,2019-07-25,2019-06-30,2019-04-25,2019-03-31,2018-10-30,2018-09-30,2018-07-31,2018-06-30
ma,0001141391,2020-02-14,2019-12-31,2019-02-13,2018-12-31,2020-04-29,2020-03-31,2019-10-29,2019-09-30,2019-07-30,2019-06-30,2019-04-30,2019-03-31,2018-10-30,2018-09-30,2018-07-26,2018-06-30
mkc,0000063754,2020-01-28,2019-11-30,2019-01-25,2018-11-30,2020-03-31,2020-02-29,2019-10-01,2019-08-31,2019-06-28,2019-05-31,2019-03-26,2019-02-28,2018-09-27,2018-08-31,2018-06-28,2018-05-31
mxim,0000743316,2019-08-21,2019-06-29,2018-08-17,2018-06-30,2020-04-29,2020-03-28,2020-01-29,2019-12-28,2019-10-30,2019-09-28,2019-05-01,2019-03-30,2019-02-01,2018-12-29,2018-11-01,2018-09-29
mcd,0000063908,2020-02-26,2019-12-31,2019-02-22,2018-12-31,2020-05-07,2020-03-31,2019-11-04,2019-09-30,2019-08-06,2019-06-30,2019-05-08,2019-03-31,2018-11-01,2018-09-30,2018-08-02,2018-06-30
mck,0000927653,2020-05-22,2020-03-31,2019-05-15,2019-03-31,2020-02-04,2019-12-31,2019-10-30,2019-09-30,2019-08-01,2019-06-30,2019-01-31,2018-12-31,2018-10-25,2018-09-30,2018-07-26,2018-06-30
mdt,0001613103,2019-06-21,2019-04-26,2018-06-22,2018-04-27,2020-02-28,2020-01-24,2019-12-03,2019-10-25,2019-08-30,2019-07-26,2019-03-01,2019-01-25,2018-11-29,2018-10-26,2018-08-31,2018-07-27
mrk,0000310158,2020-02-26,2019-12-31,2019-02-27,2018-12-31,2020-05-06,2020-03-31,2019-11-05,2019-09-30,2019-08-06,2019-06-30,2019-05-08,2019-03-31,2018-11-06,2018-09-30,2018-08-07,2018-06-30
met,0001099219,2020-02-21,2019-12-31,2019-02-22,2018-12-31,2020-05-08,2020-03-31,2019-11-05,2019-09-30,2019-08-06,2019-06-30,2019-05-08,2019-03-31,2018-11-08,2018-09-30,2018-08-07,2018-06-30
mtd,0001037646,2020-02-07,2019-12-31,2019-02-08,2018-12-31,2020-05-08,2020-03-31,2019-11-08,2019-09-30,2019-08-02,2019-06-30,2019-05-10,2019-03-31,2018-11-09,2018-09-30,2018-07-27,2018-06-30
mgm,0000789570,2020-02-27,2019-12-31,2019-02-27,2018-12-31,2020-05-01,2020-03-31,2019-11-05,2019-09-30,2019-08-08,2019-06-30,2019-05-07,2019-03-31,2018-11-07,2018-09-30,2018-08-03,2018-06-30
mchp,0000827054,2020-05-22,2020-03-31,2019-05-30,2019-03-31,2020-02-04,2019-12-31,2019-11-06,2019-09-30,2019-08-07,2019-06-30,2019-02-06,2018-12-31,2018-11-07,2018-09-30,2018-08-09,2018-06-30
mu,0000723125,2019-10-17,2019-08-29,2018-10-15,2018-08-30,2020-03-26,2020-02-27,2019-12-20,2019-11-28,2019-06-26,2019-05-30,2019-03-21,2019-02-28,2018-12-19,2018-11-29,2018-06-22,2018-05-31
msft,0000789019,2019-08-01,2019-06-30,2018-08-03,2018-06-30,2020-04-29,2020-03-31,2020-01-29,2019-12-31,2019-10-23,2019-09-30,2019-04-24,2019-03-31,2019-01-30,2018-12-31,2018-10-24,2018-09-30
maa,0000912595,2020-02-20,2019-12-31,2019-02-21,2018-12-31,2020-05-07,2020-03-31,2019-10-31,2019-09-30,2019-08-01,2019-06-30,2019-05-03,2019-03-31,2018-11-01,2018-09-30,2018-08-02,2018-06-30
mhk,0000851968,2020-02-28,2019-12-31,2019-02-28,2018-12-31,2020-05-05,2020-03-28,2019-11-01,2019-09-28,2019-08-02,2019-06-29,2019-05-03,2019-03-30,2018-11-02,2018-09-29,2018-08-03,2018-06-30
tap,0000024545,2020-02-12,2019-12-31,2019-02-12,2018-12-31,2020-04-30,2020-03-31,2019-10-30,2019-09-30,2019-07-31,2019-06-30,2019-05-01,2019-03-31,2018-10-31,2018-09-30,2018-08-01,2018-06-30
mdlz,0001103982,2020-02-07,2019-12-31,2019-02-08,2018-12-31,2020-04-29,2020-03-31,2019-10-30,2019-09-30,2019-07-31,2019-06-30,2019-05-01,2019-03-31,2018-10-30,2018-09-30,2018-07-26,2018-06-30
mnst,0000865752,2020-02-28,2019-12-31,2019-02-28,2018-12-31,2020-05-11,2020-03-31,2019-11-08,2019-09-30,2019-08-08,2019-06-30,2019-05-03,2019-03-31,2018-11-08,2018-09-30,2018-08-09,2018-06-30
mco,0001059556,2020-02-24,2019-12-31,2019-02-25,2018-12-31,2020-05-01,2020-03-31,2019-11-01,2019-09-30,2019-08-02,2019-06-30,2019-05-02,2019-03-31,2018-10-31,2018-09-30,2018-08-02,2018-06-30
ms,0000895421,2020-02-27,2019-12-31,2019-02-26,2018-12-31,2020-05-05,2020-03-31,2019-11-05,2019-09-30,2019-08-05,2019-06-30,2019-05-03,2019-03-31,2018-11-05,2018-09-30,2018-08-03,2018-06-30
mos,0001285785,2020-02-20,2019-12-31,2019-03-13,2018-12-31,2020-05-05,2020-03-31,2019-11-05,2019-09-30,2019-08-06,2019-06-30,2019-05-07,2019-03-31,2018-11-06,2018-09-30,2018-08-07,2018-06-30
msi,0000068505,2020-02-14,2019-12-31,2019-02-15,2018-12-31,2020-05-08,2020-03-28,2019-10-31,2019-09-28,2019-08-02,2019-06-29,2019-05-03,2019-03-30,2018-11-02,2018-09-29,2018-08-03,2018-06-30
msci,0001408198,2020-02-18,2019-12-31,2019-02-22,2018-12-31,2020-04-29,2020-03-31,2019-10-31,2019-09-30,2019-08-01,2019-06-30,2019-05-03,2019-03-31,2018-11-02,2018-09-30,2018-08-03,2018-06-30
myl,0001623613,2020-02-28,2019-12-31,2019-02-27,2018-12-31,2020-05-11,2020-03-31,2019-11-05,2019-09-30,2019-07-29,2019-06-30,2019-05-07,2019-03-31,2018-11-06,2018-09-30,2018-08-08,2018-06-30
ndaq,0001120193,2020-02-25,2019-12-31,2019-02-22,2018-12-31,2020-05-06,2020-03-31,2019-11-06,2019-09-30,2019-08-05,2019-06-30,2019-05-01,2019-03-31,2018-11-06,2018-09-30,2018-08-01,2018-06-30
nov,0001021860,2020-02-13,2019-12-31,2019-02-14,2018-12-31,2020-04-28,2020-03-31,2019-10-30,2019-09-30,2019-07-31,2019-06-30,2019-04-26,2019-03-31,2018-10-26,2018-09-30,2018-07-27,2018-06-30
ntap,0001002047,2019-06-18,2019-04-26,2018-06-19,2018-04-27,2020-02-18,2020-01-24,2019-11-18,2019-10-25,2019-08-19,2019-07-26,2019-02-19,2019-01-25,2018-11-19,2018-10-26,2018-08-21,2018-07-27
nflx,0001065280,2020-01-29,2019-12-31,2019-01-29,2018-12-31,2020-04-21,2020-03-31,2019-10-18,2019-09-30,2019-07-19,2019-06-30,2019-04-18,2019-03-31,2018-10-18,2018-09-30,2018-07-18,2018-06-30
nwl,0000814453,2020-03-02,2019-12-31,2019-03-04,2018-12-31,2020-05-01,2020-03-31,2019-11-04,2019-09-30,2019-08-02,2019-06-30,2019-05-08,2019-03-31,2018-11-09,2018-09-30,2018-08-09,2018-06-30
nem,0001164727,2020-02-20,2019-12-31,2019-02-21,2018-12-31,2020-05-05,2020-03-31,2019-11-05,2019-09-30,2019-07-25,2019-06-30,2019-04-25,2019-03-31,2018-10-25,2018-09-30,2018-07-26,2018-06-30
nwsa,0001564708,2019-08-13,2019-06-30,2018-08-15,2018-06-30,2020-05-08,2020-03-31,2020-02-07,2019-12-31,2019-11-08,2019-09-30,2019-05-10,2019-03-31,2019-02-08,2018-12-31,2018-11-08,2018-09-30
nws,0001564708,2019-08-13,2019-06-30,2018-08-15,2018-06-30,2020-05-08,2020-03-31,2020-02-07,2019-12-31,2019-11-08,2019-09-30,2019-05-10,2019-03-31,2019-02-08,2018-12-31,2018-11-08,2018-09-30
nee,0000753308,2020-02-14,2019-12-31,2019-02-15,2018-12-31,2020-04-23,2020-03-31,2019-10-23,2019-09-30,2019-07-24,2019-06-30,2019-04-23,2019-03-31,2018-10-23,2018-09-30,2018-07-25,2018-06-30
nlsn,0001492633,2020-02-27,2019-12-31,2019-02-28,2018-12-31,2020-04-30,2020-03-31,2019-11-07,2019-09-30,2019-07-31,2019-06-30,2019-04-30,2019-03-31,2018-10-25,2018-09-30,,
nke,0000320187,2019-07-23,2019-05-31,2018-07-25,2018-05-31,2020-04-07,2020-02-29,2020-01-07,2019-11-30,2019-10-04,2019-08-31,2019-04-04,2019-02-28,2019-01-08,2018-11-30,,
ni,0001111711,2020-02-28,2019-12-31,2019-02-20,2018-12-31,2020-05-06,2020-03-31,2019-10-30,2019-09-30,2019-07-31,2019-06-30,2019-05-01,2019-03-31,2018-11-01,2018-09-30,2018-08-01,2018-06-30
nbl,0000072207,2020-02-12,2019-12-31,2019-02-19,2018-12-31,2020-05-08,2020-03-31,2019-11-07,2019-09-30,2019-08-02,2019-06-30,2019-05-03,2019-03-31,2018-11-01,2018-09-30,2018-08-03,2018-06-30
jwn,0000072333,2020-03-20,2020-02-01,2019-03-18,2019-02-02,2020-06-10,2020-05-02,2019-12-04,2019-11-02,2019-09-04,2019-08-03,2019-06-05,2019-05-04,2018-12-10,2018-11-03,2018-09-05,2018-08-04
nsc,0000702165,2020-02-06,2019-12-31,2019-02-08,2018-12-31,2020-04-29,2020-03-31,2019-10-23,2019-09-30,2019-07-24,2019-06-30,2019-04-24,2019-03-31,2018-10-24,2018-09-30,2018-07-25,2018-06-30
ntrs,0000073124,2020-02-25,2019-12-31,2019-02-26,2018-12-31,2020-04-27,2020-03-31,2019-10-28,2019-09-30,2019-07-30,2019-06-30,2019-04-29,2019-03-31,2018-10-29,2018-09-30,2018-07-30,2018-06-30
noc,0001133421,2020-01-30,2019-12-31,2019-01-31,2018-12-31,2020-04-29,2020-03-31,2019-10-24,2019-09-30,2019-07-24,2019-06-30,2019-04-24,2019-03-31,2018-10-24,2018-09-30,2018-07-25,2018-06-30
nlok,0000849399,2020-05-28,2020-04-03,2019-05-24,2019-03-29,2020-02-07,2020-01-03,2019-11-08,2019-10-04,2019-08-09,2019-07-05,2019-02-04,2018-12-28,2018-11-16,2018-09-28,2018-11-16,2018-06-29
nclh,0001513761,2020-02-27,2019-12-31,2019-02-27,2018-12-31,2020-05-15,2020-03-31,2019-11-08,2019-09-30,2019-08-08,2019-06-30,2019-05-10,2019-03-31,2018-11-09,2018-09-30,2018-08-09,2018-06-30
nrg,0001013871,2020-02-27,2019-12-31,2019-02-28,2018-12-31,2020-05-07,2020-03-31,2019-11-07,2019-09-30,2019-08-07,2019-06-30,2019-05-02,2019-03-31,2018-11-08,2018-09-30,2018-08-02,2018-06-30
nue,0000073309,2020-02-28,2019-12-31,2019-02-28,2018-12-31,2020-05-13,2020-04-04,2019-11-06,2019-09-28,2019-08-07,2019-06-29,2019-05-08,2019-03-30,2018-11-07,2018-09-29,2018-08-08,2018-06-30
nvda,0001045810,2020-02-20,2020-01-26,2019-02-21,2019-01-27,2020-05-21,2020-04-26,2019-11-14,2019-10-27,2019-08-15,2019-07-28,2019-05-16,2019-04-28,2018-11-15,2018-10-28,2018-08-16,2018-07-29
nvr,0000906163,2020-02-19,2019-12-31,2019-02-13,2018-12-31,2020-05-07,2020-03-31,2019-11-01,2019-09-30,2019-07-31,2019-06-30,2019-05-01,2019-03-31,2018-10-31,2018-09-30,2018-07-30,2018-06-30
orly,0000898173,2020-02-28,2019-12-31,2019-02-27,2018-12-31,2020-05-08,2020-03-31,2019-11-06,2019-09-30,2019-08-08,2019-06-30,2019-05-06,2019-03-31,2018-11-07,2018-09-30,2018-08-08,2018-06-30
oxy,0000797468,2020-02-28,2019-12-31,2019-02-21,2018-12-31,2020-05-06,2020-03-31,2019-11-04,2019-09-30,2019-07-31,2019-06-30,2019-05-06,2019-03-31,2018-11-05,2018-09-30,2018-08-08,2018-06-30
odfl,0000878927,2020-02-26,2019-12-31,2019-02-27,2018-12-31,2020-05-05,2020-03-31,2019-11-04,2019-09-30,2019-08-07,2019-06-30,2019-05-07,2019-03-31,2018-11-05,2018-09-30,2018-08-07,2018-06-30
omc,0000029989,2020-02-11,2019-12-31,2019-02-12,2018-12-31,2020-04-28,2020-03-31,2019-10-15,2019-09-30,2019-07-17,2019-06-30,2019-04-16,2019-03-31,2018-10-16,2018-09-30,2018-07-17,2018-06-30
oke,0001039684,2020-02-25,2019-12-31,2019-02-26,2018-12-31,2020-04-29,2020-03-31,2019-10-30,2019-09-30,2019-07-31,2019-06-30,2019-05-01,2019-03-31,2018-10-31,2018-09-30,2018-08-01,2018-06-30
orcl,0001341439,2019-06-21,2019-05-31,2018-06-22,2018-05-31,2020-03-13,2020-02-29,2019-12-13,2019-11-30,2019-09-13,2019-08-31,2019-03-18,2019-02-28,2018-12-19,2018-11-30,2018-09-19,2018-08-31
otis,0001781335,,,,,2020-05-08,2020-03-31,,,,,,,,,,
pcar,0000075362,2020-02-19,2019-12-31,2019-02-21,2018-12-31,2020-05-04,2020-03-31,2019-10-30,2019-09-30,2019-08-02,2019-06-30,2019-05-02,2019-03-31,2018-11-02,2018-09-30,2018-08-03,2018-06-30
pkg,0000075677,2020-02-26,2019-12-31,2019-02-28,2018-12-31,2020-05-06,2020-03-31,2019-11-01,2019-09-30,2019-08-02,2019-06-30,2019-05-08,2019-03-31,2018-11-07,2018-09-30,2018-08-08,2018-06-30
ph,0000076334,2019-08-23,2019-06-30,2018-08-24,2018-06-30,2020-05-06,2020-03-31,2020-02-05,2019-12-31,2019-11-06,2019-09-30,2019-05-09,2019-03-31,2019-02-07,2018-12-31,2018-11-07,2018-09-30
payx,0000723531,2019-07-24,2019-05-31,2018-07-20,2018-05-31,2020-03-27,2020-02-29,2019-12-20,2019-11-30,2019-10-04,2019-08-31,2019-03-29,2019-02-28,2018-12-21,2018-11-30,2018-10-05,2018-08-31
payc,0001590955,2020-02-13,2019-12-31,2019-02-14,2018-12-31,2020-04-30,2020-03-31,2019-10-31,2019-09-30,2019-08-01,2019-06-30,2019-05-02,2019-03-31,2018-11-01,2018-09-30,2018-08-02,2018-06-30
pypl,0001633917,2020-02-06,2019-12-31,2019-02-07,2018-12-31,2020-05-07,2020-03-31,2019-10-24,2019-09-30,2019-07-25,2019-06-30,2019-04-25,2019-03-31,2018-10-23,2018-09-30,2018-07-26,2018-06-30
pnr,0000077360,2020-02-25,2019-12-31,,,2020-04-30,2020-03-31,2019-10-23,2019-09-30,2019-07-23,2019-06-30,2019-04-23,2019-03-31,2018-10-23,2018-09-30,2018-07-25,2018-06-30
pbct,0001378946,2020-03-02,2019-12-31,2019-03-01,2018-12-31,2020-05-11,2020-03-31,2019-11-12,2019-09-30,2019-08-09,2019-06-30,2019-05-10,2019-03-31,2018-11-09,2018-09-30,2018-08-09,2018-06-30
pep,0000077476,2020-02-13,2019-12-28,2019-02-15,2018-12-29,2020-04-28,2020-03-21,2019-10-03,2019-09-07,2019-07-09,2019-06-15,2019-04-17,2019-03-23,2018-10-02,2018-09-08,2018-07-10,2018-06-16
pki,0000031791,2020-02-25,2019-12-29,2019-02-26,2018-12-30,2020-05-12,2020-04-05,2019-11-05,2019-09-29,2019-08-06,2019-06-30,2019-05-07,2019-03-31,2018-11-06,2018-09-30,2018-08-07,2018-07-01
prgo,0001585364,2020-02-27,2019-12-31,2019-02-27,2018-12-31,2020-05-05,2020-03-28,2019-11-06,2019-09-28,2019-08-08,2019-06-29,2019-05-09,2019-03-30,2018-11-08,2018-09-29,2018-08-09,2018-06-30
pfe,0000078003,2020-02-27,2019-12-31,2019-02-28,2018-12-31,2020-05-07,2020-03-29,2019-11-07,2019-09-29,2019-08-08,2019-06-30,2019-05-09,2019-03-31,2018-11-08,2018-09-30,2018-08-09,2018-07-01
pm,0001413329,2020-02-07,2019-12-31,2019-02-07,2018-12-31,2020-04-28,2020-03-31,2019-10-24,2019-09-30,2019-07-25,2019-06-30,2019-04-25,2019-03-31,2018-10-25,2018-09-30,2018-07-26,2018-06-30
psx,0001534701,2020-02-21,2019-12-31,2019-02-22,2018-12-31,2020-05-01,2020-03-31,2019-10-25,2019-09-30,2019-07-26,2019-06-30,2019-04-30,2019-03-31,2018-10-26,2018-09-30,2018-07-27,2018-06-30
pnw,0000764622,2020-02-21,2019-12-31,2019-02-22,2018-12-31,2020-05-08,2020-03-31,2019-11-07,2019-09-30,2019-08-08,2019-06-30,2019-05-01,2019-03-31,2018-11-08,2018-09-30,2018-08-03,2018-06-30
pxd,0001038357,2020-02-24,2019-12-31,2019-02-26,2018-12-31,2020-05-08,2020-03-31,2019-11-06,2019-09-30,2019-08-09,2019-06-30,2019-05-10,2019-03-31,2018-11-09,2018-09-30,2018-08-09,2018-06-30
pnc,0000713676,2020-03-02,2019-12-31,2019-03-01,2018-12-31,2020-05-05,2020-03-31,2019-11-04,2019-09-30,2019-08-01,2019-06-30,2019-05-03,2019-03-31,2018-11-01,2018-09-30,2018-08-02,2018-06-30
ppg,0000079879,2020-02-20,2019-12-31,2019-02-21,2018-12-31,2020-04-28,2020-03-31,2019-10-18,2019-09-30,2019-07-19,2019-06-30,2019-04-19,2019-03-31,2018-10-19,2018-09-30,2018-07-20,2018-06-30
ppl,0000922224,2020-02-14,2019-12-31,2019-02-14,2018-12-31,2020-05-08,2020-03-31,2019-11-05,2019-09-30,2019-08-06,2019-06-30,2019-05-02,2019-03-31,2018-11-01,2018-09-30,2018-08-07,2018-06-30
pfg,0001126328,2020-02-14,2019-12-31,2019-02-13,2018-12-31,2020-04-29,2020-03-31,2019-10-30,2019-09-30,2019-07-31,2019-06-30,2019-05-02,2019-03-31,2018-10-31,2018-09-30,2018-08-01,2018-06-30
pg,0000080424,2019-08-06,2019-06-30,2018-08-07,2018-06-30,2020-04-20,2020-03-31,2020-01-23,2019-12-31,2019-10-22,2019-09-30,2019-04-23,2019-03-31,2019-01-23,2018-12-31,2018-10-19,2018-09-30
pgr,0000080661,2020-03-02,2019-12-31,2019-02-27,2018-12-31,2020-05-05,2020-03-31,2019-11-06,2019-09-30,2019-08-07,2019-06-30,2019-05-01,2019-03-31,2018-10-31,2018-09-30,2018-07-31,2018-06-30
pld,0001045609,2020-02-11,2019-12-31,2019-02-13,2018-12-31,2020-05-01,2020-03-31,2019-10-21,2019-09-30,2019-07-22,2019-06-30,2019-04-23,2019-03-31,2018-10-22,2018-09-30,2018-07-23,2018-06-30
pru,0001137774,2020-02-14,2019-12-31,2019-02-15,2018-12-31,2020-05-08,2020-03-31,2019-11-05,2019-09-30,2019-08-02,2019-06-30,2019-05-03,2019-03-31,2018-11-08,2018-09-30,2018-08-03,2018-06-30
peg,0000788784,2020-02-26,2019-12-31,2019-02-28,2018-12-31,2020-05-05,2020-03-31,2019-10-31,2019-09-30,2019-07-31,2019-06-30,2019-05-02,2019-03-31,2018-10-30,2018-09-30,2018-08-01,2018-06-30
psa,0001393311,2020-02-25,2019-12-31,2019-02-27,2018-12-31,2020-04-30,2020-03-31,,,,,,,,,,
phm,0000822416,2020-01-30,2019-12-31,2019-01-31,2018-12-31,2020-04-23,2020-03-31,2019-10-22,2019-09-30,2019-07-23,2019-06-30,2019-04-23,2019-03-31,2018-10-23,2018-09-30,2018-07-26,2018-06-30
pvh,0000078239,2020-04-01,2020-02-02,2019-03-29,2019-02-03,2020-06-11,2020-05-03,2019-12-09,2019-11-03,2019-09-06,2019-08-04,2019-06-10,2019-05-05,2018-12-10,2018-11-04,2018-09-07,2018-08-05
qrvo,0001604778,2020-05-20,2020-03-28,2019-05-17,2019-03-30,2020-01-30,2019-12-28,2019-11-01,2019-09-28,2019-08-06,2019-06-29,2019-02-07,2018-12-29,2018-11-01,2018-09-29,2018-08-02,2018-06-30
pwr,0001050915,2020-02-28,2019-12-31,2019-02-28,2018-12-31,2020-05-08,2020-03-31,2019-11-01,2019-09-30,2019-08-02,2019-06-30,2019-05-06,2019-03-31,2018-11-07,2018-09-30,2018-08-07,2018-06-30
qcom,0000804328,2019-11-06,2019-09-29,2018-11-07,2018-09-30,2020-04-29,2020-03-29,2020-02-05,2019-12-29,2019-07-31,2019-06-30,2019-05-01,2019-03-31,2019-01-30,2018-12-30,2018-07-25,2018-06-24
dgx,0001022079,2020-02-20,2019-12-31,2019-02-21,2018-12-31,2020-05-04,2020-03-31,2019-10-23,2019-09-30,2019-07-24,2019-06-30,2019-04-24,2019-03-31,2018-10-24,2018-09-30,2018-07-25,2018-06-30
rl,0001037038,2020-05-27,2020-03-28,2019-05-16,2019-03-30,2020-02-06,2019-12-28,2019-11-07,2019-09-28,2019-08-01,2019-06-29,2019-02-07,2018-12-29,2018-11-08,2018-09-29,2018-08-03,2018-06-30
rjf,0000720005,2019-11-26,2019-09-30,2018-11-21,2018-09-30,2020-05-08,2020-03-31,2020-02-07,2019-12-31,2019-08-08,2019-06-30,2019-05-09,2019-03-31,2019-02-08,2018-12-31,2018-08-07,2018-06-30
rtx,0000101829,2020-02-06,2019-12-31,2019-02-07,2018-12-31,2020-05-07,2020-03-31,2019-10-25,2019-09-30,2019-07-26,2019-06-30,2019-04-26,2019-03-31,2018-10-26,2018-09-30,2018-07-27,2018-06-30
o,0000726728,2020-02-24,2019-12-31,2019-02-22,2018-12-31,2020-05-05,2020-03-31,2019-11-05,2019-09-30,2019-08-06,2019-06-30,2019-05-02,2019-03-31,2018-11-01,2018-09-30,2018-08-02,2018-06-30
reg,0000910606,2020-02-18,2019-12-31,2019-02-21,2018-12-31,2020-05-08,2020-03-31,2019-11-04,2019-09-30,2019-08-06,2019-06-30,2019-05-10,2019-03-31,2018-11-05,2018-09-30,2018-08-03,2018-06-30
regn,0000872589,2020-02-07,2019-12-31,2019-02-07,2018-12-31,2020-05-05,2020-03-31,2019-11-05,2019-09-30,2019-08-06,2019-06-30,2019-05-07,2019-03-31,2018-11-06,2018-09-30,2018-08-02,2018-06-30
rf,0001281761,2020-02-21,2019-12-31,2019-02-22,2018-12-31,2020-05-06,2020-03-31,2019-11-06,2019-09-30,2019-08-07,2019-06-30,2019-05-08,2019-03-31,2018-11-07,2018-09-30,2018-08-08,2018-06-30
rsg,0001060391,2020-02-14,2019-12-31,2019-02-08,2018-12-31,2020-05-06,2020-03-31,2019-10-31,2019-09-30,2019-07-26,2019-06-30,2019-04-26,2019-03-31,2018-10-26,2018-09-30,2018-07-27,2018-06-30
rmd,0000943819,2019-08-08,2019-06-30,2018-08-17,2018-06-30,2020-05-01,2020-03-31,2020-01-31,2019-12-31,2019-10-25,2019-09-30,2019-05-03,2019-03-31,2019-02-01,2018-12-31,2018-10-26,2018-09-30
rhi,0000315213,2020-02-14,2019-12-31,2019-02-15,2018-12-31,2020-05-04,2020-03-31,2019-11-12,2019-09-30,2019-08-02,2019-06-30,2019-05-06,2019-03-31,2018-11-01,2018-09-30,2018-08-02,2018-06-30
rok,0001024478,2019-11-12,2019-09-30,,,2020-04-28,2020-03-31,2020-01-29,2019-12-31,2019-07-25,2019-06-30,2019-04-25,2019-03-31,2019-01-31,2018-12-31,2018-07-27,2018-06-30
rol,0000084839,2020-02-28,2019-12-31,2019-03-01,2018-12-31,2020-04-30,2020-03-31,2019-10-25,2019-09-30,2019-07-26,2019-06-30,2019-04-26,2019-03-31,2018-10-26,2018-09-30,2018-07-27,2018-06-30
rop,0000882835,2020-02-28,2019-12-31,2019-02-25,2018-12-31,2020-05-06,2020-03-31,2019-11-01,2019-09-30,2019-08-02,2019-06-30,2019-05-03,2019-03-31,2018-11-05,2018-09-30,2018-08-06,2018-06-30
rost,0000745732,2020-03-31,2020-02-01,2019-04-02,2019-02-02,2020-06-10,2020-05-02,2019-12-11,2019-11-02,2019-09-11,2019-08-03,2019-06-12,2019-05-04,2018-12-12,2018-11-03,2018-09-12,2018-08-04
rcl,0000884887,2020-02-25,2019-12-31,2019-02-22,2018-12-31,2020-05-21,2020-03-31,2019-10-30,2019-09-30,2019-07-26,2019-06-30,2019-05-02,2019-03-31,2018-10-26,2018-09-30,2018-08-02,2018-06-30
spgi,0000064040,2020-02-10,2019-12-31,2019-02-13,2018-12-31,2020-04-28,2020-03-31,2019-10-30,2019-09-30,2019-08-01,2019-06-30,2019-05-03,2019-03-31,2018-10-26,2018-09-30,2018-07-26,2018-06-30
crm,0001108524,2020-03-05,2020-01-31,2019-03-08,2019-01-31,2020-06-01,2020-04-30,2019-12-04,2019-10-31,2019-08-23,2019-07-31,2019-06-05,2019-04-30,2018-11-28,2018-10-31,2018-08-31,2018-07-31
sbac,0001034054,2020-02-24,2019-12-31,2019-02-28,2018-12-31,2020-05-06,2020-03-31,2019-11-07,2019-09-30,2019-08-06,2019-06-30,2019-05-09,2019-03-31,2018-11-08,2018-09-30,2018-08-06,2018-06-30
slb,0000087347,2020-01-22,2019-12-31,2019-01-23,2018-12-31,2020-04-22,2020-03-31,2019-10-23,2019-09-30,2019-07-24,2019-06-30,2019-04-24,2019-03-31,2018-10-24,2018-09-30,2018-07-25,2018-06-30
stx,0001137789,2019-08-02,2019-06-28,2018-08-03,2018-06-29,2020-04-30,2020-04-03,2020-02-05,2020-01-03,2019-11-01,2019-10-04,2019-04-30,2019-03-29,2019-02-04,2018-12-28,2018-11-02,2018-09-28
see,0001012100,2020-03-02,2019-12-31,2019-02-19,2018-12-31,2020-05-05,2020-03-31,2019-11-08,2019-09-30,2019-08-02,2019-06-30,2019-05-01,2019-03-31,2018-11-02,2018-09-30,2018-08-06,2018-06-30
sre,0001032208,2020-02-27,2019-12-31,2019-02-26,2018-12-31,2020-05-04,2020-03-31,2019-11-01,2019-09-30,2019-08-02,2019-06-30,2019-05-07,2019-03-31,2018-11-07,2018-09-30,2018-08-06,2018-06-30
now,0001373715,2020-02-20,2019-12-31,2019-02-27,2018-12-31,2020-04-30,2020-03-31,2019-10-25,2019-09-30,2019-08-06,2019-06-30,2019-05-03,2019-03-31,2018-11-07,2018-09-30,2018-08-08,2018-06-30
shw,0000089800,2020-02-21,2019-12-31,2019-02-22,2018-12-31,2020-04-29,2020-03-31,2019-10-22,2019-09-30,2019-07-24,2019-06-30,2019-04-25,2019-03-31,2018-10-25,2018-09-30,2018-07-25,2018-06-30
spg,0001063761,2020-02-21,2019-12-31,2019-02-22,2018-12-31,2020-05-11,2020-03-31,2019-11-06,2019-09-30,2019-08-07,2019-06-30,2019-05-08,2019-03-31,2018-11-02,2018-09-30,2018-08-02,2018-06-30
swks,0000004127,2019-11-14,2019-09-27,2018-11-15,2018-09-28,2020-05-05,2020-03-27,2020-01-24,2019-12-27,2019-08-07,2019-06-28,2019-05-03,2019-03-29,2019-02-06,2018-12-28,2018-07-20,2018-06-29
slg,0001040971,2020-02-28,2019-12-31,2019-02-27,2018-12-31,2020-05-11,2020-03-31,2019-11-06,2019-09-30,2019-08-08,2019-06-30,2019-05-09,2019-03-31,2018-10-31,2018-09-30,2018-08-08,2018-06-30
sna,0000091440,2020-02-13,2019-12-28,2019-02-14,2018-12-29,2020-04-21,2020-03-28,2019-10-17,2019-09-28,2019-07-18,2019-06-29,2019-04-18,2019-03-30,2018-10-18,2018-09-29,2018-07-19,2018-06-30
so,0000092122,2020-02-20,2019-12-31,2019-02-20,2018-12-31,2020-04-30,2020-03-31,2019-10-30,2019-09-30,2019-07-31,2019-06-30,2019-05-01,2019-03-31,2018-11-07,2018-09-30,2018-08-08,2018-06-30
luv,0000092380,2020-02-04,2019-12-31,2019-02-05,2018-12-31,2020-04-28,2020-03-31,2019-11-08,2019-09-30,2019-07-30,2019-06-30,2019-04-30,2019-03-31,2018-10-30,2018-09-30,2018-08-01,2018-06-30
swk,0000093556,2020-02-21,2019-12-28,2019-02-26,2018-12-29,2020-05-01,2020-03-28,2019-10-25,2019-09-28,2019-07-23,2019-06-29,2019-04-26,2019-03-30,2018-10-26,2018-09-29,2018-07-20,2018-06-30
sbux,0000829224,2019-11-15,2019-09-29,2018-11-16,2018-09-30,2020-04-28,2020-03-29,2020-01-28,2019-12-29,2019-07-30,2019-06-30,2019-04-30,2019-03-31,2019-01-29,2018-12-30,2018-07-31,2018-07-01
stt,0000093751,2020-02-20,2019-12-31,2019-02-21,2018-12-31,2020-04-28,2020-03-31,2019-10-25,2019-09-30,2019-07-26,2019-06-30,2019-05-01,2019-03-31,2018-10-31,2018-09-30,2018-07-25,2018-06-30
ste,0001757898,2020-05-29,2020-03-31,2019-05-30,2019-03-31,2020-02-10,2019-12-31,2019-11-07,2019-09-30,2019-08-07,2019-06-30,,,,,,
syk,0000310764,2020-02-06,2019-12-31,2019-02-07,2018-12-31,2020-05-01,2020-03-31,2019-10-30,2019-09-30,2019-07-26,2019-06-30,2019-04-24,2019-03-31,2018-10-26,2018-09-30,2018-07-25,2018-06-30
sivb,0000719739,2020-02-28,2019-12-31,2019-02-28,2018-12-31,2020-05-11,2020-03-31,2019-11-12,2019-09-30,2019-08-09,2019-06-30,2019-05-09,2019-03-31,2018-11-09,2018-09-30,2018-08-07,2018-06-30
syf,0001601712,2020-02-13,2019-12-31,2019-02-15,2018-12-31,2020-04-22,2020-03-31,2019-10-25,2019-09-30,2019-07-25,2019-06-30,2019-04-25,2019-03-31,2018-10-25,2018-09-30,2018-07-27,2018-06-30
snps,0000883241,2019-12-20,2019-10-31,2018-12-17,2018-10-31,2020-05-22,2020-04-30,2020-02-21,2020-01-31,2019-08-26,2019-07-31,2019-05-24,2019-04-30,2019-02-25,2019-01-31,2018-08-24,2018-07-31
syy,0000096021,2019-08-26,2019-06-29,2018-08-27,2018-06-30,2020-05-06,2020-03-28,2020-02-05,2019-12-28,2019-11-05,2019-09-28,2019-05-07,2019-03-30,2019-02-05,2018-12-29,2018-11-06,2018-09-29
tmus,0001283699,2020-02-06,2019-12-31,2019-02-07,2018-12-31,2020-05-06,2020-03-31,2019-10-28,2019-09-30,2019-07-26,2019-06-30,2019-04-25,2019-03-31,2018-10-30,2018-09-30,2018-08-01,2018-06-30
trow,0001113169,2020-02-13,2019-12-31,2019-02-13,2018-12-31,2020-04-28,2020-03-31,2019-10-24,2019-09-30,2019-07-24,2019-06-30,2019-04-24,2019-03-31,2018-10-25,2018-09-30,2018-07-25,2018-06-30
ttwo,0000946581,2020-05-22,2020-03-31,2019-05-14,2019-03-31,2020-02-07,2019-12-31,2019-11-08,2019-09-30,2019-08-06,2019-06-30,2019-02-06,2018-12-31,2018-11-08,2018-09-30,2018-08-03,2018-06-30
tpr,0001116132,2019-08-15,2019-06-29,2018-08-16,2018-06-30,2020-05-06,2020-03-28,2020-02-06,2019-12-28,2019-11-07,2019-09-28,2019-05-09,2019-03-30,2019-02-07,2018-12-29,2018-11-08,2018-09-29
tgt,0000027419,2020-03-11,2020-02-01,2019-03-13,2019-02-02,2020-05-29,2020-05-02,2019-11-27,2019-11-02,2019-08-30,2019-08-03,2019-05-31,2019-05-04,2018-11-27,2018-11-03,2018-08-27,2018-08-04
tel,0001385157,2019-11-12,2019-09-27,2018-11-13,2018-09-28,2020-05-04,2020-03-27,2020-01-29,2019-12-27,2019-07-26,2019-06-28,2019-04-26,2019-03-29,2019-01-24,2018-12-28,2018-07-26,2018-06-29
fti,0001681459,2020-03-03,2019-12-31,2019-03-11,2018-12-31,2020-05-04,2020-03-31,2019-11-12,2019-09-30,2019-08-08,2019-06-30,2019-05-09,2019-03-31,2018-11-06,2018-09-30,2018-08-06,2018-06-30
tfx,0000096943,2020-02-21,2019-12-31,2019-02-21,2018-12-31,2020-04-30,2020-03-29,2019-10-31,2019-09-29,2019-08-01,2019-06-30,2019-05-02,2019-03-31,2018-11-01,2018-09-30,2018-08-02,2018-07-01
txn,0000097476,2020-02-20,2019-12-31,2019-02-22,2018-12-31,2020-04-22,2020-03-31,2019-10-31,2019-09-30,2019-07-31,2019-06-30,2019-04-30,2019-03-31,2018-11-02,2018-09-30,2018-08-02,2018-06-30
txt,0000217346,2020-02-25,2020-01-04,2019-02-14,2018-12-29,2020-05-01,2020-04-04,2019-10-23,2019-09-28,2019-07-24,2019-06-29,2019-04-24,2019-03-30,2018-10-25,2018-09-29,2018-07-26,2018-06-30
tmo,0000097745,2020-02-26,2019-12-31,2019-02-27,2018-12-31,2020-05-01,2020-03-28,2019-11-01,2019-09-28,2019-08-02,2019-06-29,2019-05-03,2019-03-30,2018-11-02,2018-09-29,2018-08-03,2018-06-30
tif,0000098246,2020-03-20,2020-01-31,2019-03-22,2019-01-31,2020-06-09,2020-04-30,2019-12-05,2019-10-31,2019-08-28,2019-07-31,2019-06-04,2019-04-30,2018-11-28,2018-10-31,2018-08-28,2018-07-31
tjx,0000109198,2020-03-27,2020-02-01,2019-04-03,2019-02-02,2020-05-21,2020-05-02,2019-12-03,2019-11-02,2019-08-30,2019-08-03,2019-05-31,2019-05-04,2018-12-04,2018-11-03,2018-08-31,2018-08-04
tsco,0000916365,2020-02-20,2019-12-28,2019-02-21,2018-12-29,2020-05-07,2020-03-28,2019-11-07,2019-09-28,2019-08-08,2019-06-29,2019-05-09,2019-03-30,2018-11-08,2018-09-29,2018-08-09,2018-06-30
tt,0001466258,2020-02-18,2019-12-31,2019-02-12,2018-12-31,2020-05-05,2020-03-31,2019-10-29,2019-09-30,2019-08-05,2019-06-30,2019-05-01,2019-03-31,2018-10-24,2018-09-30,2018-07-25,2018-06-30
tdg,0001260221,2019-11-19,2019-09-30,2018-11-09,2018-09-30,2020-05-05,2020-03-28,2020-02-04,2019-12-28,2019-08-07,2019-06-29,2019-05-08,2019-03-30,2019-02-06,2018-12-29,2018-08-08,2018-06-30
trv,0000086312,2020-02-13,2019-12-31,2019-02-14,2018-12-31,2020-04-21,2020-03-31,2019-10-22,2019-09-30,2019-07-23,2019-06-30,2019-04-18,2019-03-31,2018-10-18,2018-09-30,2018-07-19,2018-06-30
tfc,0000092230,2020-03-03,2019-12-31,2019-02-26,2018-12-31,2020-05-08,2020-03-31,2019-10-25,2019-09-30,2019-07-31,2019-06-30,2019-04-30,2019-03-31,2018-10-26,2018-09-30,2018-07-27,2018-06-30
twtr,0001418091,2020-02-19,2019-12-31,2019-02-21,2018-12-31,2020-05-05,2020-03-31,2019-10-30,2019-09-30,2019-07-31,2019-06-30,2019-04-30,2019-03-31,2018-10-30,2018-09-30,2018-07-30,2018-06-30
tsn,0000100493,2019-11-12,2019-09-28,2018-11-13,2018-09-29,2020-05-04,2020-03-28,2020-02-06,2019-12-28,2019-08-05,2019-06-29,2019-05-06,2019-03-30,2019-02-07,2018-12-29,2018-08-06,2018-06-30
udr,0000074208,2020-02-18,2019-12-31,2019-02-19,2018-12-31,2020-05-07,2020-03-31,2019-10-30,2019-09-30,2019-07-31,2019-06-30,2019-05-01,2019-03-31,2018-10-30,2018-09-30,2018-07-31,2018-06-30
ulta,0001403568,2020-03-27,2020-02-01,2019-04-02,2019-02-02,2020-05-28,2020-05-02,2019-12-05,2019-11-02,2019-08-29,2019-08-03,2019-05-30,2019-05-04,2018-12-06,2018-11-03,2018-08-30,2018-08-04
usb,0000036104,2020-02-20,2019-12-31,2019-02-22,2018-12-31,2020-05-07,2020-03-31,2019-11-08,2019-09-30,2019-08-01,2019-06-30,2019-05-09,2019-03-31,2018-11-02,2018-09-30,2018-08-02,2018-06-30
uaa,0001336917,2020-02-26,2019-12-31,2019-02-25,2018-12-31,2020-05-11,2020-03-31,2019-11-08,2019-09-30,2019-08-01,2019-06-30,2019-05-09,2019-03-31,2018-11-05,2018-09-30,2018-08-03,2018-06-30
ua,0001336917,2020-02-26,2019-12-31,2019-02-25,2018-12-31,2020-05-11,2020-03-31,2019-11-08,2019-09-30,2019-08-01,2019-06-30,2019-05-09,2019-03-31,2018-11-05,2018-09-30,2018-08-03,2018-06-30
unp,0000100885,2020-02-07,2019-12-31,2019-02-08,2018-12-31,2020-04-23,2020-03-31,2019-10-17,2019-09-30,2019-07-18,2019-06-30,2019-04-18,2019-03-31,2018-10-25,2018-09-30,2018-07-19,2018-06-30
ual,0000100517,2020-02-25,2019-12-31,2019-02-28,2018-12-31,2020-05-04,2020-03-31,2019-10-16,2019-09-30,2019-07-17,2019-06-30,2019-04-17,2019-03-31,2018-10-17,2018-09-30,2018-07-18,2018-06-30
unh,0000731766,2020-02-14,2019-12-31,2019-02-12,2018-12-31,2020-05-06,2020-03-31,2019-11-06,2019-09-30,2019-08-07,2019-06-30,2019-05-07,2019-03-31,2018-11-08,2018-09-30,2018-08-07,2018-06-30
ups,0001090727,2020-02-20,2019-12-31,2019-02-21,2018-12-31,2020-05-08,2020-03-31,2019-10-29,2019-09-30,2019-07-30,2019-06-30,2019-04-30,2019-03-31,2018-10-30,2018-09-30,2018-08-02,2018-06-30
uri,0001067701,2020-01-29,2019-12-31,2019-01-23,2018-12-31,2020-04-29,2020-03-31,2019-10-16,2019-09-30,2019-07-17,2019-06-30,2019-04-17,2019-03-31,2018-10-17,2018-09-30,2018-07-18,2018-06-30
uhs,0000352915,2020-02-26,2019-12-31,2019-02-27,2018-12-31,2020-05-08,2020-03-31,2019-11-08,2019-09-30,2019-08-08,2019-06-30,2019-05-08,2019-03-31,2018-11-08,2018-09-30,2018-08-08,2018-06-30
unm,0000005513,2020-02-18,2019-12-31,2019-02-19,2018-12-31,2020-05-05,2020-03-31,2019-10-30,2019-09-30,2019-07-31,2019-06-30,2019-05-01,2019-03-31,2018-10-25,2018-09-30,2018-07-31,2018-06-30
vfc,0000103379,2020-05-27,2020-03-28,2019-05-24,2019-03-30,2020-02-04,2019-12-28,2019-10-31,2019-09-28,2019-08-08,2019-06-29,2019-02-04,2018-12-29,2018-10-31,2018-09-29,2018-08-09,2018-06-30
vlo,0001035002,2020-02-26,2019-12-31,2019-02-28,2018-12-31,2020-04-29,2020-03-31,2019-11-07,2019-09-30,2019-08-06,2019-06-30,2019-05-07,2019-03-31,2018-11-06,2018-09-30,2018-08-06,2018-06-30
var,0000203527,2019-11-25,2019-09-27,2018-11-26,2018-09-28,2020-05-12,2020-04-03,2020-02-11,2020-01-03,2019-08-07,2019-06-28,2019-05-08,2019-03-29,2019-02-05,2018-12-28,2018-08-07,2018-06-29
vtr,0000740260,2020-02-24,2019-12-31,2019-02-08,2018-12-31,2020-05-08,2020-03-31,2019-10-25,2019-09-30,2019-07-26,2019-06-30,2019-04-29,2019-03-31,2018-10-26,2018-09-30,2018-07-27,2018-06-30
vrsn,0001014473,2020-02-14,2019-12-31,2019-02-15,2018-12-31,2020-04-23,2020-03-31,2019-10-24,2019-09-30,2019-07-25,2019-06-30,2019-04-25,2019-03-31,2018-10-25,2018-09-30,2018-07-26,2018-06-30
vrsk,0001442145,2020-02-18,2019-12-31,2019-02-19,2018-12-31,2020-05-05,2020-03-31,2019-10-30,2019-09-30,2019-07-30,2019-06-30,2019-04-30,2019-03-31,2018-10-30,2018-09-30,2018-07-31,2018-06-30
vz,0000732712,2020-02-21,2019-12-31,2019-02-15,2018-12-31,2020-04-27,2020-03-31,2019-10-30,2019-09-30,2019-08-08,2019-06-30,2019-04-26,2019-03-31,2018-10-30,2018-09-30,2018-07-31,2018-06-30
vrtx,0000875320,2020-02-13,2019-12-31,2019-02-13,2018-12-31,2020-05-01,2020-03-31,2019-10-31,2019-09-30,2019-08-01,2019-06-30,2019-05-01,2019-03-31,2018-10-25,2018-09-30,2018-07-26,2018-06-30
v,0001403161,2019-11-14,2019-09-30,2018-11-16,2018-09-30,2020-05-04,2020-03-31,2020-01-31,2019-12-31,2019-07-26,2019-06-30,2019-04-26,2019-03-31,2019-01-31,2018-12-31,2018-07-27,2018-06-30
vno,0000899689,2020-02-18,2019-12-31,2019-02-11,2018-12-31,2020-05-04,2020-03-31,2019-10-28,2019-09-30,2019-07-29,2019-06-30,2019-04-29,2019-03-31,2018-10-29,2018-09-30,2018-07-30,2018-06-30
vmc,0001396009,2020-02-26,2019-12-31,2019-02-26,2018-12-31,2020-05-06,2020-03-31,2019-11-07,2019-09-30,2019-07-29,2019-06-30,2019-05-03,2019-03-31,2018-10-31,2018-09-30,2018-08-01,2018-06-30
wrb,0000011544,2020-02-20,2019-12-31,2019-02-22,2018-12-31,2020-05-04,2020-03-31,2019-11-07,2019-09-30,2019-08-05,2019-06-30,2019-05-08,2019-03-31,2018-11-08,2018-09-30,2018-08-06,2018-06-30
wab,0000943452,2020-02-24,2019-12-31,2019-02-27,2018-12-31,2020-05-06,2020-03-31,2019-11-01,2019-09-30,2019-08-01,2019-06-30,2019-05-09,2019-03-31,2018-10-30,2018-09-30,2018-07-31,2018-06-30
wmt,0000104169,2020-03-20,2020-01-31,2019-03-28,2019-01-31,2020-06-03,2020-04-30,2019-12-04,2019-10-31,2019-09-06,2019-07-31,2019-06-07,2019-04-30,2018-11-30,2018-10-31,2018-09-06,2018-07-31
wba,0001618921,2019-10-28,2019-08-31,2018-10-11,2018-08-31,2020-04-02,2020-02-29,2020-01-08,2019-11-30,2019-06-27,2019-05-31,2019-04-02,2019-02-28,2018-12-20,2018-11-30,2018-06-28,2018-05-31
dis,0001744489,2019-11-20,2019-09-28,,,2020-05-05,2020-03-28,2020-02-04,2019-12-28,2019-08-06,2019-06-29,2019-05-08,2019-03-30,,,,
wm,0000823768,2020-02-13,2019-12-31,2019-02-14,2018-12-31,2020-05-06,2020-03-31,2019-10-23,2019-09-30,2019-07-25,2019-06-30,2019-04-25,2019-03-31,2018-10-25,2018-09-30,2018-07-25,2018-06-30
wat,0001000697,2020-02-25,2019-12-31,2019-02-26,2018-12-31,2020-04-29,2020-03-28,2019-10-30,2019-09-28,2019-07-31,2019-06-29,2019-05-03,2019-03-30,2018-11-02,2018-09-29,2018-08-03,2018-06-30
wec,0000783325,2020-02-27,2019-12-31,2019-02-26,2018-12-31,2020-05-07,2020-03-31,2019-11-07,2019-09-30,2019-08-06,2019-06-30,2019-05-03,2019-03-31,2018-11-02,2018-09-30,2018-08-03,2018-06-30
wfc,0000072971,2020-02-27,2019-12-31,2019-02-27,2018-12-31,2020-05-05,2020-03-31,2019-11-01,2019-09-30,2019-08-02,2019-06-30,2019-05-03,2019-03-31,2018-11-06,2018-09-30,2018-08-03,2018-06-30
well,0000766704,2020-02-14,2019-12-31,2019-02-25,2018-12-31,2020-05-07,2020-03-31,2019-10-30,2019-09-30,2019-08-01,2019-06-30,2019-04-30,2019-03-31,2018-10-30,2018-09-30,2018-08-02,2018-06-30
wst,0000105770,2020-02-24,2019-12-31,2019-02-28,2018-12-31,2020-04-24,2020-03-31,2019-10-29,2019-09-30,2019-07-29,2019-06-30,2019-05-08,2019-03-31,2018-10-30,2018-09-30,2018-07-31,2018-06-30
wdc,0000106040,2019-08-27,2019-06-28,2018-08-24,2018-06-29,2020-05-08,2020-04-03,2020-02-11,2020-01-03,2019-11-12,2019-10-04,2019-05-07,2019-03-29,2019-02-05,2018-12-28,2018-11-06,2018-09-28
wu,0001365135,2020-02-20,2019-12-31,2019-02-21,2018-12-31,2020-05-05,2020-03-31,2019-10-31,2019-09-30,2019-08-01,2019-06-30,2019-05-07,2019-03-31,2018-11-01,2018-09-30,2018-08-02,2018-06-30
wrk,0001732845,2019-11-18,2019-09-30,2018-11-16,2018-09-30,2020-05-06,2020-03-31,2020-01-31,2019-12-31,2019-08-02,2019-06-30,2019-05-03,2019-03-31,2019-02-08,2018-12-31,,
wy,0000106535,2020-02-14,2019-12-31,2019-02-15,2018-12-31,2020-05-01,2020-03-31,2019-10-25,2019-09-30,2019-07-26,2019-06-30,2019-04-26,2019-03-31,2018-10-26,2018-09-30,2018-07-27,2018-06-30
whr,0000106640,2020-02-11,2019-12-31,2019-02-12,2018-12-31,2020-05-01,2020-03-31,2019-10-23,2019-09-30,2019-07-23,2019-06-30,2019-04-23,2019-03-31,2018-10-25,2018-09-30,2018-07-24,2018-06-30
wmb,0000107263,2020-02-24,2019-12-31,2019-02-21,2018-12-31,2020-05-04,2020-03-31,2019-10-31,2019-09-30,2019-08-01,2019-06-30,2019-05-02,2019-03-31,2018-11-01,2018-09-30,2018-08-02,2018-06-30
wltw,0001140536,2020-02-26,2019-12-31,2019-02-27,2018-12-31,2020-04-30,2020-03-31,2019-11-01,2019-09-30,2019-08-01,2019-06-30,2019-05-03,2019-03-31,2018-11-02,2018-09-30,2018-08-06,2018-06-30
wynn,0001174922,2020-02-28,2019-12-31,2019-02-28,2018-12-31,2020-05-08,2020-03-31,2019-11-06,2019-09-30,2019-08-08,2019-06-30,2019-05-09,2019-03-31,2018-11-07,2018-09-30,2018-08-08,2018-06-30
xel,0000072903,2020-02-21,2019-12-31,2019-02-22,2018-12-31,2020-05-07,2020-03-31,2019-10-25,2019-09-30,2019-08-01,2019-06-30,2019-04-26,2019-03-31,2018-10-26,2018-09-30,2018-07-27,2018-06-30
xrx,0001770450,2020-02-28,2019-12-31,,,2020-05-07,2020-03-31,2019-11-06,2019-09-30,2019-08-06,2019-06-30,,,,,,
xlnx,0000743988,2020-05-08,2020-03-28,2019-05-10,2019-03-30,2020-01-28,2019-12-28,2019-10-25,2019-09-28,2019-07-26,2019-06-29,2019-01-25,2018-12-29,2018-10-25,2018-09-29,2018-07-27,2018-06-30
xyl,0001524472,2020-02-28,2019-12-31,2019-02-22,2018-12-31,2020-05-05,2020-03-31,2019-10-31,2019-09-30,2019-08-01,2019-06-30,2019-05-02,2019-03-31,2018-10-30,2018-09-30,2018-07-31,2018-06-30
yum,0001041061,2020-02-20,2019-12-31,2019-02-21,2018-12-31,2020-05-06,2020-03-31,2019-11-05,2019-09-30,2019-08-09,2019-06-30,2019-05-08,2019-03-31,2018-11-07,2018-09-30,2018-08-07,2018-06-30
zbra,0000877212,2020-02-13,2019-12-31,2019-02-14,2018-12-31,2020-04-28,2020-03-28,2019-10-30,2019-09-28,2019-07-30,2019-06-29,2019-04-30,2019-03-30,2018-11-06,2018-09-29,2018-08-07,2018-06-30
zbh,0001136869,2020-02-21,2019-12-31,2019-02-26,2018-12-31,2020-05-11,2020-03-31,2019-11-05,2019-09-30,2019-08-05,2019-06-30,2019-05-06,2019-03-31,2018-11-01,2018-09-30,2018-08-06,2018-06-30
zion,0000109380,2020-02-26,2019-12-31,2019-02-26,2018-12-31,2020-05-06,2020-03-31,2019-11-05,2019-09-30,2019-08-06,2019-06-30,2019-05-08,2019-03-31,2018-11-07,2018-09-30,2018-08-08,2018-06-30
zts,0001555280,2020-02-13,2019-12-31,2019-02-14,2018-12-31,2020-05-06,2020-03-31,2019-11-07,2019-09-30,2019-08-06,2019-08-06,2019-05-02,2019-03-31,2018-11-01,2018-09-30,2018-08-02,2018-06-30
